教四,a
教四,abandon
教四,ability
教四,able
教四,abnormal
教四,aboard
教四,abolish
教四,abortion
教四,about
教四,above
教四,abroad
教四,abrupt
教四,absence
教四,absent
教四,absolute
教四,absorb
教四,absorbed
教四,abstain
教四,abstract
教四,abundant
教四,abuse
教四,academic
教四,academy
教四,accelerate
教四,accent
教四,accept
教四,acceptable
教四,acceptance
教四,access
教四,accessible
教四,accident
教四,accidental
教四,accommodation
教四,accompany
教四,accomplish
教四,accord
教四,accordance
教四,according
教四,accordingly
教四,account
教四,accountant
教四,accumulate
教四,accuracy
教四,accurate
教四,accuse
教四,accustomed
教四,ache
教四,achieve
教四,achievement
教四,acid
教四,acknowledge
教四,acquaint
教四,acquaintance
教四,acquire
教四,acquisition
教四,acre
教四,across
教四,act
教四,action
教四,active
教四,activity
教四,actor
教四,actress
教四,actual
教四,acute
教四,adapt
教四,add
教四,addition
教四,additional
教四,address
教四,adequate
教四,adjective
教四,adjust
教四,administration
教四,administrative
教四,admire
教四,admission
教四,admit
教四,adopt
教四,adult
教四,advance
教四,advanced
教四,advantage
教四,advantageous
教四,adventure
教四,adverb
教四,advertise
教四,advertisement
教四,advice
教四,advisable
教四,advise
教四,advisory
教四,advocate
教四,affair
教四,affect
教四,affection
教四,affirmative
教四,afford
教四,afraid
教四,after
教四,afternoon
教四,afterward
教四,afterwards
教四,again
教四,against
教四,age
教四,agency
教四,agenda
教四,agent
教四,aggressive
教四,ago
教四,agony
教四,agree
教四,agreeable
教四,agreement
教四,agriculture
教四,ahead
教四,aid
教四,aids
教四,aim
教四,air
教四,air-conditioning
教四,aircraft
教四,airline
教四,airplane
教四,airport
教四,airway
教四,alarm
教四,album
教四,alcohol
教四,alert
教四,alike
教四,alive
教四,all
教四,allergic
教四,alliance
教四,allow
教四,allowance
教四,ally
教四,almost
教四,alone
教四,along
教四,alongside
教四,aloud
教四,alphabet
教四,already
教四,also
教四,alter
教四,alternative
教四,although
教四,altitude
教四,altogether
教四,aluminium
教四,always
教四,amateur
教四,amaze
教四,amazing
教四,ambassador
教四,ambition
教四,ambitious
教四,ambulance
教四,amid
教四,among
教四,amount
教四,amuse
教四,amusement
教四,amusing
教四,analysis
教四,analyst
教四,analyze
教四,ancestor
教四,anchor
教四,ancient
教四,and
教四,anger
教四,angle
教四,angry
教四,animal
教四,ankle
教四,anniversary
教四,announce
教四,annoy
教四,annual
教四,another
教四,answer
教四,ant
教四,anticipate
教四,antique
教四,anxiety
教四,anxious
教四,any
教四,anybody
教四,anyhow
教四,anyone
教四,anything
教四,anyway
教四,anywhere
教四,apart
教四,apartment
教四,apologize
教四,apology
教四,appalling
教四,apparent
教四,appeal
教四,appealing
教四,appear
教四,appearance
教四,appetite
教四,applaud
教四,applause
教四,apple
教四,appliance
教四,applicable
教四,applicant
教四,application
教四,applied
教四,apply
教四,appoint
教四,appointment
教四,appreciate
教四,approach
教四,appropriate
教四,approval
教四,approve
教四,approximate
教四,approximately
教四,april
教四,arbitrary
教四,architect
教四,architecture
教四,archive
教四,area
教四,argue
教四,argument
教四,arise
教四,arithmetic
教四,arm
教四,army
教四,around
教四,arouse
教四,arrange
教四,arrangement
教四,arrest
教四,arrival
教四,arrive
教四,arrow
教四,art
教四,article
教四,artificial
教四,artist
教四,artistic
教四,artwork
教四,as
教四,ash
教四,ashamed
教四,aside
教四,ask
教四,asleep
教四,aspect
教四,aspiration
教四,assemble
教四,assembly
教四,assert
教四,assess
教四,asset
教四,assign
教四,assignment
教四,assist
教四,assistance
教四,assistant
教四,associate
教四,association
教四,assume
教四,assumption
教四,assure
教四,astonish
教四,astronomer
教四,at
教四,athlete
教四,atmosphere
教四,atom
教四,atomic
教四,attach
教四,attack
教四,attain
教四,attempt
教四,attend
教四,attendance
教四,attention
教四,attitude
教四,attorney
教四,attract
教四,attraction
教四,attractive
教四,attribute
教四,auction
教四,audience
教四,audio
教四,August
教四,aunt
教四,authentic
教四,author
教四,authority
教四,auto
教四,automate
教四,automatic
教四,automobile
教四,autumn
教四,auxiliary
教四,available
教四,avenue
教四,average
教四,avoid
教四,await
教四,awake
教四,award
教四,aware
教四,awareness
教四,away
教四,awful
教四,awkward
教四,axe
教四,baby
教四,bachelor
教四,back
教四,background
教四,backup
教四,backward
教四,backwards
教四,bacon
教四,bacteria
教四,bad
教四,badge
教四,badly
教四,bag
教四,baggage
教四,bake
教四,bakery
教四,balance
教四,balcony
教四,ball
教四,balloon
教四,bamboo
教四,ban
教四,banana
教四,band
教四,bandage
教四,bang
教四,bank
教四,bankrupt
教四,banner
教四,banquet
教四,bar
教四,barber
教四,bare
教四,barely
教四,bargain
教四,bark
教四,barn
教四,barrel
教四,barrier
教四,base
教四,baseball
教四,basement
教四,basic
教四,basically
教四,basin
教四,basis
教四,basket
教四,basketball
教四,bat
教四,bath
教四,bathe
教四,bathroom
教四,battery
教四,battle
教四,bay
教四,be
教四,beach
教四,beam
教四,bean
教四,bear
教四,beard
教四,bearing
教四,beast
教四,beat
教四,beautiful
教四,beauty
教四,because
教四,become
教四,bed
教四,bee
教四,beef
教四,beer
教四,before
教四,beg
教四,beggar
教四,begin
教四,beginning
教四,behalf
教四,behave
教四,behaviour
教四,behind
教四,being
教四,belief
教四,believe
教四,bell
教四,belong
教四,belongings
教四,beloved
教四,below
教四,belt
教四,bench
教四,bend
教四,beneath
教四,beneficial
教四,benefit
教四,beside
教四,besides
教四,best
教四,best-seller
教四,bet
教四,betray
教四,better
教四,between
教四,beyond
教四,bible
教四,bid
教四,big
教四,bike
教四,bill
教四,billion
教四,bind
教四,biology
教四,bird
教四,birth
教四,birthday
教四,birthright
教四,biscuit
教四,bit
教四,bite
教四,bitter
教四,black
教四,blackboard
教四,blade
教四,blame
教四,blank
教四,blanket
教四,blast
教四,bleed
教四,blend
教四,blind
教四,blink
教四,block
教四,blog
教四,blood
教四,bloodshed
教四,bloody
教四,bloom
教四,blossom
教四,blouse
教四,blow
教四,blue
教四,blur
教四,board
教四,boast
教四,boat
教四,body
教四,boil
教四,boiler
教四,bold
教四,bolt
教四,bomb
教四,bond
教四,bone
教四,bonus
教四,book
教四,booklet
教四,bookmark
教四,boom
教四,boost
教四,boot
教四,border
教四,bore
教四,boring
教四,born
教四,borrow
教四,boss
教四,both
教四,bother
教四,bottle
教四,bottom
教四,bounce
教四,bound
教四,boundary
教四,bow
教四,bowel
教四,bowl
教四,box
教四,boy
教四,brain
教四,brake
教四,branch
教四,brand
教四,brass
教四,brave
教四,bread
教四,breadth
教四,break
教四,breakfast
教四,breakthrough
教四,breast
教四,breath
教四,breathe
教四,breed
教四,breeze
教四,bribe
教四,brick
教四,bride
教四,bridge
教四,brief
教四,briefcase
教四,bright
教四,brilliant
教四,bring
教四,broad
教四,broadcast
教四,broaden
教四,broken
教四,broom
教四,brother
教四,brow
教四,brown
教四,browse
教四,browser
教四,brunch
教四,brush
教四,bubble
教四,bucket
教四,bud
教四,budget
教四,bug
教四,build
教四,building
教四,bulb
教四,bulk
教四,bull
教四,bullet
教四,bulletin
教四,bump
教四,bunch
教四,bundle
教四,burden
教四,bureau
教四,burial
教四,burn
教四,burst
教四,bury
教四,bus
教四,bush
教四,business
教四,busy
教四,but
教四,butcher
教四,butter
教四,butterfly
教四,button
教四,buy
教四,by
教四,bystander
教四,cab
教四,cabbage
教四,cabin
教四,cabinet
教四,cable
教四,cafe
教四,cage
教四,cake
教四,calculate
教四,calculator
教四,calendar
教四,call
教四,calm
教四,camel
教四,camera
教四,camp
教四,campaign
教四,campus
教四,can
教四,canal
教四,cancel
教四,cancer
教四,candidate
教四,candle
教四,candy
教四,cane
教四,canteen
教四,cap
教四,capable
教四,capacity
教四,capital
教四,captain
教四,capture
教四,car
教四,carbon
教四,card
教四,care
教四,career
教四,careful
教四,careless
教四,cargo
教四,carpenter
教四,carpet
教四,carriage
教四,carrier
教四,carrot
教四,carry
教四,cart
教四,cartoon
教四,case
教四,cash
教四,cashier
教四,cassette
教四,cast
教四,castle
教四,casual
教四,cat
教四,catalogue
教四,catch
教四,category
教四,cattle
教四,cause
教四,cautious
教四,cave
教四,cdrom
教四,cease
教四,ceiling
教四,celebrate
教四,cell
教四,cellar
教四,cement
教四,cent
教四,center
教四,centigrade
教四,centimeter
教四,central
教四,century
教四,cereal
教四,ceremony
教四,certain
教四,certainly
教四,certainty
教四,certificate
教四,chain
教四,chair
教四,chairman
教四,chalk
教四,challenge
教四,chamber
教四,champagne
教四,champion
教四,chance
教四,change
教四,channel
教四,chaos
教四,chaotic
教四,chap
教四,chapter
教四,character
教四,characteristic
教四,characterize
教四,charge
教四,charity
教四,charm
教四,chart
教四,charter
教四,chase
教四,chat
教四,cheap
教四,cheat
教四,check
教四,checkpoint
教四,cheek
教四,cheer
教四,cheerful
教四,cheese
教四,chemical
教四,chemist
教四,chemistry
教四,chess
教四,chest
教四,chew
教四,chicken
教四,chief
教四,child
教四,childhood
教四,childish
教四,childlike
教四,chill
教四,chimney
教四,chin
教四,china
教四,chip
教四,chocolate
教四,choice
教四,choke
教四,choose
教四,chop
教四,chopsticks
教四,christ
教四,christian
教四,christmas
教四,church
教四,cigar
教四,cigarette
教四,cinema
教四,circle
教四,circuit
教四,circular
教四,circulate
教四,circumstance
教四,cite
教四,citizen
教四,citizenship
教四,city
教四,civil
教四,civilian
教四,civilization
教四,civilize
教四,claim
教四,clap
教四,clarify
教四,clash
教四,class
教四,classic
教四,classical
教四,classification
教四,classify
教四,classmate
教四,classroom
教四,clause
教四,claw
教四,clay
教四,clean
教四,clear
教四,clerk
教四,clever
教四,click
教四,client
教四,cliff
教四,climate
教四,climb
教四,cling
教四,clinic
教四,clinical
教四,clip
教四,clock
教四,clockwise
教四,clone
教四,close
教四,closet
教四,cloth
教四,clothes
教四,clothing
教四,cloud
教四,cloudy
教四,club
教四,clue
教四,clumsy
教四,coach
教四,coal
教四,coarse
教四,coast
教四,coastal
教四,coat
教四,coca-cola
教四,cocaine
教四,cock
教四,code
教四,coffee
教四,coil
教四,coin
教四,cold
教四,collapse
教四,collar
教四,colleague
教四,collect
教四,collection
教四,collective
教四,college
教四,collision
教四,colonial
教四,colony
教四,colour
教四,column
教四,comb
教四,combat
教四,combination
教四,combine
教四,come
教四,comedy
教四,comfort
教四,comfortable
教四,comic
教四,command
教四,commander
教四,commence
教四,comment
教四,commentator
教四,commerce
教四,commercial
教四,commission
教四,commit
教四,commitment
教四,committee
教四,common
教四,communicate
教四,communication
教四,communism
教四,communist
教四,community
教四,commute
教四,compact
教四,companion
教四,company
教四,comparable
教四,comparative
教四,compare
教四,comparison
教四,compass
教四,compatible
教四,compel
教四,compensate
教四,compensation
教四,compete
教四,competent
教四,competition
教四,competitive
教四,competitor
教四,complain
教四,complaint
教四,complementary
教四,complete
教四,complex
教四,complicate
教四,complicated
教四,component
教四,compose
教四,composer
教四,composition
教四,compound
教四,comprehension
教四,comprehensive
教四,compress
教四,comprise
教四,compromise
教四,compute
教四,computer
教四,computerize
教四,comrade
教四,conceal
教四,concede
教四,concentrate
教四,concentration
教四,concept
教四,concern
教四,concerning
教四,concert
教四,concession
教四,conclude
教四,conclusion
教四,concrete
教四,condemn
教四,condense
教四,condition
教四,conduct
教四,conductor
教四,conference
教四,confess
教四,confidence
教四,confident
教四,confine
教四,confirm
教四,confirmation
教四,conflict
教四,confront
教四,confucian
教四,confuse
教四,confusion
教四,congratulate
教四,congratulation
教四,congress
教四,conjunction
教四,connect
教四,connection
教四,conquer
教四,conquest
教四,conscience
教四,conscious
教四,consensus
教四,consent
教四,consequence
教四,consequently
教四,conservation
教四,conservative
教四,consider
教四,considerable
教四,considerate
教四,consideration
教四,considering
教四,consist
教四,consistency
教四,consistent
教四,constant
教四,constitute
教四,constitution
教四,construct
教四,construction
教四,consult
教四,consultant
教四,consume
教四,consumer
教四,consumption
教四,contact
教四,contain
教四,container
教四,contaminate
教四,contemporary
教四,content
教四,contented
教四,contest
教四,contestant
教四,context
教四,continent
教四,continual
教四,continue
教四,continuity
教四,continuous
教四,contract
教四,contradiction
教四,contrary
教四,contrast
教四,contribute
教四,contribution
教四,control
教四,controversial
教四,controversy
教四,convenience
教四,convenient
教四,convention
教四,conventional
教四,conversation
教四,conversely
教四,convert
教四,convey
教四,convict
教四,conviction
教四,convince
教四,cook
教四,cool
教四,cooperate
教四,cooperation
教四,coordinate
教四,cop
教四,cope
教四,copper
教四,copy
教四,copyright
教四,cord
教四,cordless
教四,core
教四,corn
教四,corner
教四,corporation
教四,corps
教四,correct
教四,correspond
教四,correspondence
教四,correspondent
教四,corresponding
教四,corridor
教四,corruption
教四,cost
教四,costly
教四,costume
教四,cottage
教四,cotton
教四,couch
教四,cough
教四,could
教四,council
教四,counsel
教四,count
教四,countdown
教四,counter
教四,country
教四,countryside
教四,county
教四,couple
教四,courage
教四,course
教四,court
教四,courtroom
教四,courtyard
教四,cousin
教四,cover
教四,cow
教四,coward
教四,cowboy
教四,crack
教四,craft
教四,crane
教四,crash
教四,crawl
教四,crazy
教四,cream
教四,create
教四,creation
教四,creative
教四,creator
教四,creature
教四,credit
教四,creep
教四,crew
教四,crime
教四,criminal
教四,cripple
教四,crisis
教四,critic
教四,critical
教四,criticism
教四,criticize
教四,crop
教四,cross
教四,crossing
教四,crossroad
教四,crowd
教四,crown
教四,crucial
教四,crude
教四,cruel
教四,cruelty
教四,cruise
教四,crush
教四,crust
教四,cry
教四,crystal
教四,cube
教四,cue
教四,cultivate
教四,cultural
教四,culture
教四,cup
教四,cupboard
教四,curb
教四,cure
教四,curiosity
教四,curious
教四,curl
教四,currency
教四,current
教四,curriculum
教四,curse
教四,curtain
教四,curve
教四,cushion
教四,custom
教四,customer
教四,cut
教四,cute
教四,cycle
教四,cyclist
教四,cynical
教四,daily
教四,dairy
教四,dam
教四,damage
教四,damn
教四,damp
教四,dance
教四,danger
教四,dangerous
教四,dare
教四,dark
教四,darling
教四,dash
教四,data
教四,database
教四,date
教四,daughter
教四,dawn
教四,day
教四,daylight
教四,dead
教四,deadline
教四,deadly
教四,deaf
教四,deal
教四,dean
教四,dear
教四,death
教四,debate
教四,debt
教四,decade
教四,decay
教四,deceive
教四,december
教四,decent
教四,deception
教四,decide
教四,decision
教四,deck
教四,declaration
教四,declare
教四,decline
教四,decorate
教四,decoration
教四,decrease
教四,deduct
教四,deed
教四,deep
教四,deer
教四,defeat
教四,defect
教四,defend
教四,defense
教四,defensive
教四,deficiency
教四,deficit
教四,define
教四,definite
教四,definitely
教四,definition
教四,defy
教四,degree
教四,delay
教四,delegate
教四,delegation
教四,delete
教四,deliberate
教四,delicate
教四,delicious
教四,delight
教四,delightful
教四,deliver
教四,delivery
教四,demand
教四,demanding
教四,democracy
教四,democratic
教四,demonstrate
教四,denial
教四,dense
教四,density
教四,dental
教四,dentist
教四,deny
教四,depart
教四,department
教四,departure
教四,depend
教四,dependence
教四,dependent
教四,depict
教四,deposit
教四,depress
教四,depression
教四,depth
教四,deputy
教四,derive
教四,descend
教四,describe
教四,description
教四,desert
教四,deserve
教四,design
教四,desirable
教四,desire
教四,desk
教四,desktop
教四,despair
教四,desperate
教四,despite
教四,dessert
教四,destination
教四,destroy
教四,destruction
教四,destructive
教四,detail
教四,detect
教四,detection
教四,detective
教四,determination
教四,determine
教四,develop
教四,development
教四,device
教四,devil
教四,devise
教四,devote
教四,diagnose
教四,diagram
教四,dial
教四,dialect
教四,dialogue
教四,diameter
教四,diamond
教四,diary
教四,dictate
教四,dictation
教四,dictionary
教四,die
教四,diet
教四,differ
教四,difference
教四,different
教四,difficult
教四,difficulty
教四,dig
教四,digest
教四,digital
教四,dignity
教四,dilemma
教四,dim
教四,dimension
教四,dine
教四,dinner
教四,dip
教四,diplomat
教四,diplomatic
教四,direct
教四,direction
教四,directly
教四,director
教四,dirt
教四,dirty
教四,disabled
教四,disagree
教四,disappear
教四,disappoint
教四,disappointing
教四,disapprove
教四,disarm
教四,disaster
教四,discard
教四,discharge
教四,discipline
教四,disco
教四,discount
教四,discourage
教四,discover
教四,discovery
教四,discuss
教四,discussion
教四,disease
教四,disgraceful
教四,disguise
教四,disgust
教四,disgusting
教四,dish
教四,disk
教四,dislike
教四,dismiss
教四,disorder
教四,display
教四,disposal
教四,dispose
教四,dispute
教四,dissolve
教四,distance
教四,distant
教四,distinct
教四,distinction
教四,distinctive
教四,distinguish
教四,distract
教四,distress
教四,distribute
教四,distribution
教四,district
教四,disturb
教四,ditch
教四,dive
教四,diverse
教四,divide
教四,division
教四,divorce
教四,dizzy
教四,dna
教四,do
教四,doctor
教四,document
教四,dog
教四,doll
教四,dollar
教四,dolphin
教四,domestic
教四,dominant
教四,dominate
教四,donation
教四,donkey
教四,donor
教四,door
教四,dormitory
教四,dose
教四,dot
教四,double
教四,doubt
教四,doubtful
教四,down
教四,download
教四,downstairs
教四,downtown
教四,downward
教四,dozen
教四,draft
教四,drag
教四,dragon
教四,drain
教四,drama
教四,dramatic
教四,draw
教四,drawer
教四,drawing
教四,dreadful
教四,dream
教四,dress
教四,drift
教四,drill
教四,drink
教四,drip
教四,drive
教四,driver
教四,driving-licence
教四,drop
教四,dropout
教四,drown
教四,drug
教四,drum
教四,drunk
教四,dry
教四,dryer
教四,duck
教四,due
教四,dull
教四,dumb
教四,dump
教四,dumpling
教四,durable
教四,duration
教四,during
教四,dusk
教四,dust
教四,dustbin
教四,dusty
教四,duty
教四,dvd
教四,dwarf
教四,dye
教四,dynamic
教四,each
教四,eager
教四,eagle
教四,ear
教四,early
教四,earn
教四,earnest
教四,earth
教四,earthquake
教四,ease
教四,east
教四,eastern
教四,easy
教四,easy-going
教四,eat
教四,ebay
教四,echo
教四,economic
教四,economical
教四,economics
教四,economist
教四,economy
教四,edge
教四,edit
教四,edition
教四,editor
教四,editorial
教四,educate
教四,education
教四,effect
教四,effective
教四,efficiency
教四,efficient
教四,effort
教四,egg
教四,eggplant
教四,ego
教四,eight
教四,eighteen
教四,eighth
教四,eighty
教四,either
教四,elaborate
教四,elbow
教四,elder
教四,elderly
教四,elect
教四,election
教四,electric
教四,electrical
教四,electricity
教四,electron
教四,electronic
教四,elegant
教四,element
教四,elementary
教四,elephant
教四,elevator
教四,eleven
教四,eliminate
教四,else
教四,elsewhere
教四,email
教四,embarrass
教四,embassy
教四,embrace
教四,emerge
教四,emergency
教四,emigrate
教四,emit
教四,emotion
教四,emotional
教四,emperor
教四,emphasis
教四,emphasize
教四,empire
教四,employ
教四,employee
教四,employer
教四,employment
教四,empty
教四,enable
教四,enclose
教四,encounter
教四,encourage
教四,encouragement
教四,end
教四,ending
教四,endless
教四,endorse
教四,endurance
教四,endure
教四,enemy
教四,energetic
教四,energy
教四,enforce
教四,engage
教四,engagement
教四,engine
教四,engineer
教四,engineering
教四,enhance
教四,enjoy
教四,enjoyable
教四,enlarge
教四,enlighten
教四,enormous
教四,enough
教四,enrich
教四,enroll
教四,ensure
教四,enter
教四,enterprise
教四,entertain
教四,entertainment
教四,enthusiasm
教四,entire
教四,entitle
教四,entrance
教四,entry
教四,envelope
教四,envious
教四,environment
教四,envy
教四,epidemic
教四,episode
教四,equal
教四,equality
教四,equation
教四,equip
教四,equipment
教四,equivalent
教四,era
教四,erect
教四,erode
教四,erosion
教四,error
教四,escape
教四,especially
教四,essay
教四,essential
教四,establish
教四,establishment
教四,estate
教四,estimate
教四,eternal
教四,ethnic
教四,euro
教四,evaluate
教四,eve
教四,even
教四,evening
教四,event
教四,eventually
教四,ever
教四,every
教四,everybody
教四,everyday
教四,everyone
教四,everything
教四,everywhere
教四,evidence
教四,evident
教四,evidently
教四,evil
教四,evolution
教四,evolve
教四,exact
教四,exaggerate
教四,examination
教四,examine
教四,example
教四,exceed
教四,exceedingly
教四,excellence
教四,excellent
教四,except
教四,exception
教四,excess
教四,excessive
教四,exchange
教四,excite
教四,excitement
教四,exciting
教四,exclaim
教四,exclude
教四,exclusive
教四,excursion
教四,excuse
教四,execute
教四,execution
教四,executive
教四,exemplary
教四,exemplify
教四,exempt
教四,exercise
教四,exert
教四,exhaust
教四,exhibit
教四,exhibition
教四,exile
教四,exist
教四,existence
教四,exit
教四,expand
教四,expansion
教四,expect
教四,expectation
教四,expel
教四,expense
教四,expensive
教四,experience
教四,experiment
教四,experimental
教四,expert
教四,explain
教四,explanation
教四,explicit
教四,explode
教四,exploit
教四,explore
教四,explosion
教四,explosive
教四,export
教四,expose
教四,exposure
教四,express
教四,expression
教四,expressway
教四,extend
教四,extension
教四,extensive
教四,extent
教四,exterior
教四,external
教四,extinguish
教四,extra
教四,extraordinary
教四,extreme
教四,eye
教四,eyesight
教四,fable
教四,fabric
教四,face
教四,facial
教四,facilitate
教四,facility
教四,fact
教四,factor
教四,factory
教四,faculty
教四,fade
教四,fail
教四,failure
教四,faint
教四,fair
教四,fairly
教四,fairy
教四,faith
教四,faithful
教四,fake
教四,fall
教四,false/
教四,fame
教四,familiar
教四,family
教四,famine
教四,famous
教四,fan
教四,fancy
教四,fantastic
教四,fantasy
教四,far
教四,fare
教四,farewell
教四,farm
教四,farmer
教四,farther
教四,fascinate
教四,fascinating
教四,fashion
教四,fashionable
教四,fast
教四,fasten
教四,fat
教四,fatal
教四,fate
教四,father
教四,fatigue
教四,fatty
教四,fault
教四,faulty
教四,favour
教四,favourable
教四,favourite
教四,fax
教四,fear
教四,fearful
教四,feasible
教四,feather
教四,feature
教四,february
教四,federal
教四,fee
教四,feed
教四,feedback
教四,feel
教四,feeling
教四,fellow
教四,female
教四,fence
教四,fertile
教四,fertilizer
教四,festival
教四,fetch
教四,fever
教四,few
教四,fiber
教四,fiction
教四,field
教四,fierce
教四,fifteen
教四,fifth
教四,fifty
教四,fight
教四,figure
教四,file
教四,fill
教四,film
教四,filmmaker
教四,filter
教四,final
教四,finally
教四,finance
教四,financial
教四,find
教四,finding
教四,fine
教四,finger
教四,finish
教四,fire
教四,fireman
教四,firewall
教四,firewood
教四,firm
教四,first
教四,fish
教四,fisherman
教四,fist
教四,fit
教四,five
教四,fix
教四,flag
教四,flame
教四,flash
教四,flat
教四,flavour
教四,flee
教四,fleet
教四,flesh
教四,flexibility
教四,flexible
教四,flight
教四,fling
教四,float
教四,flock
教四,flood
教四,floor
教四,flour
教四,flourish
教四,flow
教四,flower
教四,fluctuate
教四,fluent
教四,fluid
教四,fly
教四,focus
教四,fog
教四,foggy
教四,fold
教四,folk
教四,folklore
教四,follow
教四,following
教四,fond
教四,food
教四,fool
教四,foolish
教四,foot
教四,football
教四,footstep
教四,for
教四,forbid
教四,force
教四,forecast
教四,forehead
教四,foreign
教四,foreigner
教四,foresee
教四,forest
教四,forestry
教四,forever
教四,forge
教四,forget
教四,forgive
教四,fork
教四,form
教四,formal
教四,format
教四,formation
教四,former
教四,formula
教四,forth
教四,fortnight
教四,fortunate
教四,fortunately
教四,fortune
教四,forty
教四,forum
教四,forward
教四,fossil
教四,found
教四,foundation
教四,fountain
教四,four
教四,fourteen
教四,fox
教四,fraction
教四,fragment
教四,frail
教四,frame
教四,framework
教四,franc
教四,frank
教四,fraud
教四,free
教四,freedom
教四,freeway
教四,freeze
教四,freight
教四,frequency
教四,frequent
教四,fresh
教四,friday
教四,friend
教四,friendly
教四,friendship
教四,frighten
教四,frog
教四,from
教四,front
教四,frontier
教四,frost
教四,frown
教四,fruit
教四,fruitful
教四,frustrate
教四,fry
教四,fuel
教四,fulfill
教四,full
教四,fun
教四,function
教四,functional
教四,fund
教四,fundamental
教四,funeral
教四,funny
教四,fur
教四,furnace
教四,furnish
教四,furniture
教四,further
教四,furthermore
教四,fuss
教四,future
教四,gain
教四,gallery
教四,gallon
教四,gamble
教四,game
教四,gang
教四,gap
教四,garage
教四,garbage
教四,garden
教四,gardener
教四,gas
教四,gasoline
教四,gate
教四,gather
教四,gay
教四,gaze
教四,gear
教四,gender
教四,gene
教四,general
教四,generally
教四,generate
教四,generation
教四,generator
教四,generous
教四,genetic
教四,genius
教四,gentle
教四,gentleman
教四,genuine
教四,geography
教四,geometry
教四,germ
教四,gesture
教四,get
教四,ghost
教四,giant
教四,gift
教四,giraffe
教四,girl
教四,give
教四,given
教四,glad
教四,glance
教四,glass
教四,glimpse
教四,global
教四,globe
教四,gloomy
教四,glorious
教四,glory
教四,glove
教四,glow
教四,glue
教四,go
教四,goal
教四,goat
教四,god
教四,gold
教四,golden
教四,golf
教四,good
教四,goodbye
教四,goodness
教四,goods
教四,goose
教四,govern
教四,government
教四,governor
教四,gown
教四,grab
教四,grace
教四,graceful
教四,grade
教四,gradual
教四,graduate
教四,grain
教四,grammar
教四,gramme
教四,grand
教四,grandfather
教四,grandmother
教四,grant
教四,grape
教四,graph
教四,grasp
教四,grass
教四,grateful
教四,gratitude
教四,grave
教四,gravity
教四,gray
教四,great
教四,greedy
教四,green
教四,greenhouse
教四,greet
教四,greeting
教四,grief
教四,grind
教四,grip
教四,grocer
教四,grocery
教四,gross
教四,ground
教四,group
教四,grow
教四,growth
教四,guarantee
教四,guard
教四,guess
教四,guest
教四,guidance
教四,guide
教四,guideline
教四,guilty
教四,guitar
教四,guitarist
教四,gulf
教四,gum
教四,gun
教四,guy
教四,gymnasium
教四,habit
教四,habitual
教四,hacker
教四,hail
教四,hair
教四,haircut
教四,half
教四,hall
教四,halt
教四,ham
教四,hammer
教四,hand
教四,handbag
教四,handbook
教四,handful
教四,handkerchief
教四,handle
教四,handmade
教四,handsome
教四,handwriting
教四,handy
教四,hang
教四,happen
教四,happy
教四,harbour
教四,hard
教四,harden
教四,hardly
教四,hardship
教四,hardware
教四,harm
教四,harmful
教四,harmony
教四,harness
教四,harsh
教四,harvest
教四,haste
教四,hat
教四,hate
教四,hatred
教四,haul
教四,have
教四,hay
教四,hazard
教四,he
教四,head
教四,headache
教四,heading
教四,headline
教四,headmaster
教四,headmistress
教四,headquarters
教四,head-teacher
教四,heal
教四,health
教四,healthcare
教四,healthy
教四,heap
教四,hear
教四,hearing
教四,heart
教四,heat
教四,heave
教四,heaven
教四,heavy
教四,hedge
教四,heel
教四,height
教四,heir
教四,helicopter
教四,hell
教四,hello
教四,help
教四,helpful
教四,helpless
教四,hen
教四,hence
教四,her
教四,herd
教四,here
教四,hero
教四,heroic
教四,heroism
教四,hers
教四,herself
教四,hesitate
教四,hey
教四,hi
教四,hide
教四,high
教四,highlight
教四,highly
教四,high-speed
教四,highway
教四,hill
教四,him
教四,himself
教四,hinder
教四,hint
教四,hip
教四,hire
教四,his
教四,historic
教四,historical
教四,history
教四,hit
教四,hiv
教四,hobby
教四,hold
教四,hole
教四,holiday
教四,hollow
教四,holy
教四,home
教四,homework
教四,honest
教四,honesty
教四,honey
教四,honeymoon
教四,honour
教四,honourable
教四,hook
教四,hope
教四,hopeful
教四,hopeless
教四,horizon
教四,horizontal
教四,horn
教四,horrible
教四,horror
教四,horse
教四,horsepower
教四,hose
教四,hospital
教四,host
教四,hostile
教四,hot
教四,hotdog
教四,hotel
教四,hour
教四,hourly
教四,house
教四,household
教四,housewife
教四,housework
教四,housing
教四,how
教四,however
教四,huge
教四,human
教四,human being
教四,humanity
教四,humankind
教四,humble
教四,humorous
教四,humour
教四,hundred
教四,hunger
教四,hungry
教四,hunt
教四,hurry
教四,hurt
教四,husband
教四,hut
教四,hydrogen
教四,i
教四,ice
教四,iceberg
教四,ice-cream
教四,idea
教四,ideal
教四,identical
教四,identification
教四,identify
教四,identity
教四,idiom
教四,idle
教四,if
教四,ignorance
教四,ignorant
教四,ignore
教四,ill
教四,illegal
教四,illness
教四,illusion
教四,illustrate
教四,illustration
教四,image
教四,imaginary
教四,imagination
教四,imagine
教四,imitate
教四,immediate
教四,immediately
教四,immense
教四,immigrant
教四,immune
教四,impact
教四,impatient
教四,imperial
教四,implement
教四,implication
教四,implicit
教四,imply
教四,import
教四,importance
教四,important
教四,impose
教四,impossible
教四,impractical
教四,impress
教四,impression
教四,impressive
教四,improve
教四,improvement
教四,impulse
教四,in
教四,inadequate
教四,inch
教四,incidence
教四,incident
教四,incline
教四,include
教四,income
教四,incomplete
教四,increase
教四,increasingly
教四,incredible
教四,indeed
教四,independence
教四,independent
教四,index
教四,indicate
教四,indication
教四,indifferent
教四,indirect
教四,indispensable
教四,individual
教四,indoor
教四,induce
教四,industrial
教四,industrialize
教四,industry
教四,inevitable
教四,infant
教四,infect
教四,infection
教四,infer
教四,inference
教四,inferior
教四,infinite
教四,inflation
教四,influence
教四,influential
教四,inform
教四,information
教四,ingredient
教四,inhabitant
教四,inherent
教四,inherit
教四,initial
教四,initiative
教四,injection
教四,injure
教四,injury
教四,ink
教四,inn
教四,inner
教四,innocence
教四,innocent
教四,input
教四,inquire
教四,inquiry
教四,insane
教四,insect
教四,insert
教四,inside
教四,insider
教四,insight
教四,insist
教四,inspect
教四,inspiration
教四,inspire
教四,install
教四,installation
教四,instance
教四,instant
教四,instead
教四,instinct
教四,institute
教四,institution
教四,instruct
教四,instruction
教四,instrument
教四,insult
教四,insurance
教四,insure
教四,intact
教四,integrate
教四,integrity
教四,intellectual
教四,intelligence
教四,intelligent
教四,intend
教四,intense
教四,intensify
教四,intensity
教四,intensive
教四,intention
教四,interact
教四,interaction
教四,interest
教四,interesting
教四,interfere
教四,interference
教四,interior
教四,intermediate
教四,internal
教四,international
教四,internet
教四,interpret
教四,interpretation
教四,interrupt
教四,interval
教四,interview
教四,intimate
教四,intimidate
教四,into
教四,introduce
教四,introduction
教四,invade
教四,invasion
教四,invent
教四,invention
教四,invest
教四,investigate
教四,investment
教四,invisible
教四,invitation
教四,invite
教四,involve
教四,involved
教四,inward
教四,iron
教四,irrigate
教四,irrigation
教四,island
教四,isolate
教四,issue
教四,it
教四,italic
教四,item
教四,its
教四,itself
教四,jacket
教四,jail
教四,jam
教四,january
教四,jar
教四,jaw
教四,jazz
教四,jealous
教四,jeans
教四,jet
教四,jetlag
教四,jewel
教四,job
教四,join
教四,joint
教四,joke
教四,journal
教四,journalism
教四,journalist
教四,journey
教四,joy
教四,judge
教四,judgement
教四,juice
教四,juicy
教四,july
教四,jump
教四,june
教四,jungle
教四,junior
教四,jury
教四,just
教四,justice
教四,justification
教四,justify
教四,keen
教四,keep
教四,kettle
教四,key
教四,keyboard
教四,kick
教四,kid
教四,kill
教四,killer
教四,kilo
教四,kilometer
教四,kind
教四,kindergarten
教四,kindness
教四,king
教四,kingdom
教四,kiss
教四,kit
教四,kitchen
教四,kite
教四,knee
教四,kneel
教四,knife
教四,knit
教四,knock
教四,knot
教四,know
教四,knowledge
教四,knowledgeable
教四,label
教四,laboratory
教四,labour
教四,lack
教四,lad
教四,ladder
教四,lady
教四,lag
教四,lake
教四,lamb
教四,lamp
教四,land
教四,landlord
教四,landscape
教四,lane
教四,language
教四,lap
教四,laptop
教四,large
教四,largely
教四,laser
教四,last
教四,late
教四,lately
教四,later
教四,latin
教四,latter
教四,laugh
教四,laughable
教四,laughter
教四,launch
教四,laundry
教四,lavatory
教四,law
教四,lawn
教四,lawyer
教四,lay
教四,layer
教四,layout
教四,lazy
教四,lead
教四,leader
教四,leadership
教四,leading
教四,leaf
教四,league
教四,leak
教四,lean
教四,leap
教四,learn
教四,learned
教四,learning
教四,lease
教四,least
教四,leather
教四,leave
教四,lecture
教四,left
教四,left-handed
教四,left-wing
教四,leg
教四,legal
教四,legislation
教四,leisure
教四,lemon
教四,lend
教四,length
教四,lengthy
教四,lens
教四,less
教四,lesson
教四,lest
教四,let
教四,letter
教四,letter-box
教四,lettuce
教四,level
教四,lever
教四,leverage
教四,levy
教四,liability
教四,liable
教四,liar
教四,liberal
教四,liberate
教四,liberty
教四,librarian
教四,library
教四,license
教四,lick
教四,lid
教四,lie
教四,lieutenant
教四,life
教四,lifetime
教四,lift
教四,light
教四,lightning
教四,like
教四,likelihood
教四,likely
教四,likewise
教四,limb
教四,limit
教四,limitation
教四,limited
教四,limp
教四,line
教四,link
教四,lion
教四,lip
教四,liquid
教四,liquor
教四,list
教四,listen
教四,liter
教四,literacy
教四,literally
教四,literary
教四,literature
教四,little
教四,live
教四,lively
教四,liver
教四,living
教四,living-room
教四,load
教四,loaf
教四,loan
教四,lobby
教四,local
教四,locate
教四,location
教四,lock
教四,lodge
教四,log
教四,logic
教四,logical
教四,logo
教四,lonely
教四,long
教四,look
教四,loop
教四,loose
教四,loosen
教四,lord
教四,lorry
教四,lose
教四,loss
教四,lot
教四,loud
教四,love
教四,lovely
教四,lover
教四,low
教四,lower
教四,loyal
教四,loyalty
教四,luck
教四,lucky
教四,luggage
教四,lump
教四,lunch
教四,luncheon
教四,lung
教四,luxury
教四,machine
教四,machinery
教四,mad
教四,madam
教四,magazine
教四,magic
教四,magnet
教四,magnetic
教四,magnificent
教四,maid
教四,mail
教四,mailbox
教四,main
教四,mainland
教四,mainstream
教四,maintain
教四,maintenance
教四,major
教四,majority
教四,make
教四,malaria
教四,male
教四,man
教四,manage
教四,management
教四,manager
教四,manipulate
教四,mankind
教四,manly
教四,man-made
教四,manner
教四,manual
教四,manufacture
教四,manufacturer
教四,many
教四,map
教四,march
教四,margin
教四,marginal
教四,marine
教四,mark
教四,market
教四,marriage
教四,married
教四,marry
教四,marsh
教四,marshal
教四,marvellous
教四,marxist
教四,mask
教四,mass
教四,massive
教四,master
教四,mat
教四,match
教四,mate
教四,material
教四,mathematical
教四,mathematics
教四,matter
教四,mature
教四,maximum
教四,may
教四,maybe
教四,mayor
教四,me
教四,meal
教四,mean
教四,meaning
教四,means
教四,meantime
教四,meanwhile
教四,measure
教四,measurement
教四,meat
教四,mechanic
教四,mechanical
教四,mechanism
教四,medal
教四,media
教四,medical
教四,medicine
教四,medium
教四,meet
教四,meeting
教四,melt
教四,member
教四,membership
教四,memorial
教四,memory
教四,mend
教四,mental
教四,mention
教四,menu
教四,merchant
教四,mercy
教四,mere
教四,merely
教四,merit
教四,merry
教四,mess
教四,message
教四,messenger
教四,metal
教四,meter
教四,method
教四,metric
教四,microcomputer
教四,microphone
教四,microscope
教四,microwave
教四,mid-autumn
教四,midday
教四,middle
教四,middle-class
教四,midnight
教四,midweek
教四,midwest
教四,might
教四,migrate
教四,mild
教四,mile
教四,military
教四,milk
教四,mill
教四,millimeter
教四,million
教四,millionaire
教四,mind
教四,mine
教四,mineral
教四,minimum
教四,minister
教四,ministry
教四,minor
教四,minority
教四,minus
教四,minute
教四,miracle
教四,mirror
教四,miserable
教四,mislead
教四,miss
教四,missile
教四,missing
教四,mission
教四,mist
教四,mistake
教四,mister
教四,misunderstand
教四,mix
教四,mixture
教四,moan
教四,mobile
教四,mode
教四,model
教四,modem
教四,moderate
教四,modern
教四,modernize
教四,modest
教四,modesty
教四,modify
教四,moist
教四,moisture
教四,molecule
教四,moment
教四,monday
教四,money
教四,monitor
教四,monkey
教四,monster
教四,month
教四,monthly
教四,monument
教四,mood
教四,moon
教四,moon-cake
教四,moral
教四,morality
教四,more
教四,moreover
教四,morning
教四,mosquito
教四,most
教四,mostly
教四,mother
教四,motion
教四,motivate
教四,motive
教四,motor
教四,motorbike
教四,motorway
教四,mould
教四,mount
教四,mountain
教四,mouse
教四,moustache
教四,mouth
教四,move
教四,movement
教四,movie
教四,much
教四,mud
教四,mug
教四,multiple
教四,multiply
教四,murder
教四,museum
教四,mushroom
教四,music
教四,musical
教四,musician
教四,must
教四,mutual
教四,my
教四,myself
教四,mysterious
教四,mystery
教四,myth
教四,nail
教四,naked
教四,name
教四,namely
教四,napkin
教四,narrative
教四,narrow
教四,nasty
教四,nation
教四,national
教四,nationality
教四,nationwide
教四,native
教四,natural
教四,naturally
教四,nature
教四,naval
教四,navy
教四,near
教四,nearby
教四,nearly
教四,neat
教四,necessarily
教四,necessary
教四,necessity
教四,neck
教四,need
教四,needle
教四,negative
教四,neglect
教四,negotiate
教四,negotiation
教四,negro
教四,neighbour
教四,neighbourhood
教四,neither
教四,nephew
教四,nerve
教四,nervous
教四,nest
教四,net
教四,network
教四,neutral
教四,never
教四,nevertheless
教四,new
教四,news
教四,newspaper
教四,next
教四,nice
教四,nickel
教四,niece
教四,night
教四,night-club
教四,nightmare
教四,nine
教四,nineteen
教四,ninety
教四,ninth
教四,nitrogen
教四,no
教四,noble
教四,nobody
教四,nod
教四,noise
教四,noisy
教四,none
教四,nonsense
教四,noodle
教四,noon
教四,nor
教四,norm
教四,normal
教四,normally
教四,north
教四,northeast
教四,northern
教四,northwest
教四,nose
教四,not
教四,notable
教四,notebook
教四,nothing
教四,notice
教四,noticeable
教四,notify
教四,notion
教四,noun
教四,nourish
教四,novel
教四,novelist
教四,novelty
教四,november
教四,now
教四,nowadays
教四,nowhere
教四,nuclear
教四,nucleus
教四,nuisance
教四,number
教四,numerous
教四,nurse
教四,nursery
教四,nut
教四,nylon
教四,oak
教四,obey
教四,object
教四,objection
教四,objective
教四,obligation
教四,oblige
教四,observation
教四,observe
教四,observer
教四,obstacle
教四,obtain
教四,obvious
教四,occasion
教四,occasional
教四,occupation
教四,occupy
教四,occur
教四,occurrence
教四,ocean
教四,o'clock
教四,october
教四,odd
教四,odds
教四,of
教四,off
教四,offend
教四,offense
教四,offensive
教四,offer
教四,office
教四,officer
教四,official
教四,often
教四,oil
教四,oily
教四,ok
教四,old
教四,omit
教四,on
教四,once
教四,one
教四,oneself
教四,ongoing
教四,onion
教四,online
教四,only
教四,onto
教四,open
教四,opener
教四,opening
教四,opera
教四,operate
教四,operation
教四,operational
教四,operator
教四,opinion
教四,opponent
教四,opportunity
教四,oppose
教四,opposite
教四,opposition
教四,optical
教四,optimistic
教四,option
教四,optional
教四,or
教四,oral
教四,orange
教四,orbit
教四,orchestra
教四,order
教四,orderly
教四,ordinary
教四,ore
教四,organ
教四,organic
教四,organism
教四,organization
教四,organize
教四,origin
教四,original
教四,originality
教四,ornament
教四,other
教四,otherwise
教四,ouch
教四,ought
教四,ounce
教四,our
教四,ours
教四,ourselves
教四,out
教四,outcome
教四,outdoor
教四,outdoors
教四,outer
教四,outlet
教四,outline
教四,outlook
教四,output
教四,outset
教四,outside
教四,outsider
教四,outstanding
教四,outward
教四,oval
教四,oven
教四,over
教四,overall
教四,overcoat
教四,overcome
教四,overhead
教四,overlook
教四,overnight
教四,overseas
教四,overtake
教四,overwhelm
教四,owe
教四,owing
教四,own
教四,owner
教四,ownership
教四,ox
教四,oxygen
教四,pace
教四,pack
教四,package
教四,packet
教四,pad
教四,page
教四,pain
教四,painful
教四,paint
教四,painter
教四,painting
教四,pair
教四,palace
教四,pale
教四,palm
教四,pan
教四,panel
教四,panic
教四,pants
教四,paper
教四,paperwork
教四,parade
教四,paragraph
教四,parallel
教四,parcel
教四,pardon
教四,parent
教四,park
教四,parking
教四,parliament
教四,part
教四,partial
教四,participate
教四,participation
教四,particle
教四,particular
教四,particularly
教四,partly
教四,partner
教四,part-time
教四,party
教四,pass
教四,passage
教四,passenger
教四,passion
教四,passive
教四,passport
教四,password
教四,past
教四,paste
教四,pat
教四,patch
教四,path
教四,patience
教四,patient
教四,pattern
教四,pause
教四,pave
教四,paw
教四,pay
教四,payment
教四,pea
教四,peace
教四,peaceful
教四,peach
教四,peak
教四,pear
教四,peasant
教四,peculiar
教四,peer
教四,pen
教四,penalty
教四,pencil
教四,penetrate
教四,pen-friend
教四,penny
教四,pension
教四,people
教四,pepper
教四,per
教四,perceive
教四,percent
教四,percentage
教四,perception
教四,perfect
教四,perfection
教四,perform
教四,performance
教四,perhaps
教四,period
教四,periodical
教四,perish
教四,permanent
教四,permission
教四,permit
教四,persist
教四,person
教四,personal
教四,personality
教四,personally
教四,personnel
教四,perspective
教四,persuade
教四,persuasion
教四,pessimistic
教四,pet
教四,petrol
教四,petroleum
教四,phase
教四,phenomenon
教四,philosopher
教四,philosophy
教四,photograph
教四,phrase
教四,physical
教四,physician
教四,physicist
教四,physics
教四,pianist
教四,piano
教四,pick
教四,picnic
教四,picture
教四,pie
教四,piece
教四,pierce
教四,pig
教四,pigeon
教四,pile
教四,pill
教四,pillar
教四,pillow
教四,pilot
教四,pin
教四,pinch
教四,pine
教四,pink
教四,pint
教四,pioneer
教四,pipe
教四,piracy
教四,pistol
教四,pit
教四,pitch
教四,pity
教四,place
教四,plague
教四,plain
教四,plan
教四,plane
教四,planet
教四,plant
教四,plantation
教四,plastic
教四,plate
教四,platform
教四,plausible
教四,play
教四,playground
教四,pleasant
教四,please
教四,pleasure
教四,pledge
教四,plentiful
教四,plenty
教四,plot
教四,plow
教四,plug
教四,plunge
教四,plural
教四,plus
教四,pocket
教四,podcast
教四,poem
教四,poet
教四,poetic
教四,poetry
教四,point
教四,poison
教四,poisonous
教四,pole
教四,police
教四,policeman
教四,policy
教四,policymaker
教四,polish
教四,polite
教四,political
教四,politician
教四,politics
教四,poll
教四,pollute
教四,pollution
教四,pond
教四,pool
教四,poor
教四,pop
教四,pope
教四,popular
教四,popularity
教四,population
教四,pork
教四,port
教四,portable
教四,porter
教四,portion
教四,portrait
教四,portray
教四,pose
教四,position
教四,positive
教四,possess
教四,possession
教四,possibility
教四,possible
教四,possibly
教四,post
教四,postage
教四,postcard
教四,postcode
教四,poster
教四,postman
教四,postpone
教四,pot
教四,potato
教四,potential
教四,pound
教四,pour
教四,poverty
教四,powder
教四,power
教四,powerful
教四,practical
教四,practically
教四,practice
教四,practise
教四,praise
教四,pray
教四,prayer
教四,precaution
教四,preceding
教四,precious
教四,precise
教四,precision
教四,predict
教四,preface
教四,prefer
教四,preferable
教四,preference
教四,pregnant
教四,prejudice
教四,preliminary
教四,preparation
教四,prepare
教四,preposition
教四,prescribe
教四,presence
教四,present
教四,presentation
教四,presently
教四,preserve
教四,president
教四,press
教四,pressure
教四,presumably
教四,pretend
教四,pretty
教四,prevail
教四,prevent
教四,previous
教四,price
教四,pride
教四,priest
教四,primarily
教四,primary
教四,prime
教四,primitive
教四,prince
教四,princess
教四,principal
教四,principle
教四,print
教四,printer
教四,printing
教四,prior
教四,priority
教四,prison
教四,prisoner
教四,private
教四,privilege
教四,prize
教四,probable
教四,probably
教四,probe
教四,problem
教四,procedure
教四,proceed
教四,process
教四,procession
教四,proclaim
教四,produce
教四,product
教四,production
教四,productive
教四,productivity
教四,profession
教四,professional
教四,professor
教四,proficiency
教四,profile
教四,profit
教四,programme
教四,progress
教四,progressive
教四,prohibit
教四,project
教四,prominent
教四,promise
教四,promising
教四,promote
教四,prompt
教四,pronoun
教四,pronounce
教四,pronunciation
教四,proof
教四,proper
教四,property
教四,proportion
教四,proportional
教四,proposal
教四,propose
教四,prospect
教四,prosperity
教四,prosperous
教四,protect
教四,protection
教四,protective
教四,protein
教四,protest
教四,proud
教四,prove
教四,provide
教四,provided
教四,province
教四,provision
教四,provoke
教四,psychological
教四,psychology
教四,pub
教四,public
教四,publication
教四,publicity
教四,publish
教四,pull
教四,pulse
教四,pump
教四,punch
教四,punctual
教四,punish
教四,punishment
教四,pupil
教四,purchase
教四,pure
教四,purple
教四,purpose
教四,purse
教四,pursue
教四,push
教四,put
教四,puzzle
教四,quake
教四,qualification
教四,qualify
教四,quality
教四,quantity
教四,quarrel
教四,quarter
教四,queen
教四,quest
教四,question
教四,queue
教四,quick
教四,quiet
教四,quit
教四,quite
教四,quiver
教四,quiz
教四,quotation
教四,quote
教四,rabbit
教四,race
教四,racial
教四,rack
教四,radar
教四,radiation
教四,radical
教四,radio
教四,rag
教四,rage
教四,raid
教四,rail
教四,railroad
教四,railway
教四,rain
教四,rainbow
教四,raincoat
教四,rainy
教四,raise
教四,rally
教四,range
教四,rank
教四,rapid
教四,rare
教四,rarely
教四,rat
教四,rate
教四,rather
教四,ratio
教四,rational
教四,raw
教四,ray
教四,razor
教四,reach
教四,react
教四,reaction
教四,read
教四,reader
教四,readily
教四,reading
教四,ready
教四,real
教四,realistic
教四,reality
教四,realization
教四,realize
教四,really
教四,realm
教四,reap
教四,rear
教四,reason
教四,reasonable
教四,rebel
教四,recall
教四,receipt
教四,receive
教四,receiver
教四,recent
教四,recently
教四,reception
教四,receptionist
教四,recession
教四,reckon
教四,recognition
教四,recognize
教四,recommend
教四,recommendation
教四,reconcile
教四,record
教四,recorder
教四,recover
教四,recovery
教四,recreation
教四,recruit
教四,recycle
教四,red
教四,reduce
教四,reduction
教四,refer
教四,reference
教四,refine
教四,reflect
教四,reflection
教四,reform
教四,refresh
教四,refrigerator
教四,refugee
教四,refusal
教四,refuse
教四,regard
教四,regarding
教四,regardless
教四,region
教四,register
教四,registration
教四,regret
教四,regular
教四,regulate
教四,regulation
教四,reinforce
教四,reject
教四,relate
教四,related
教四,relation
教四,relationship
教四,relative
教四,relativity
教四,relax
教四,release
教四,relentless
教四,relevant
教四,reliable
教四,relief
教四,relieve
教四,religion
教四,religious
教四,reluctance
教四,reluctant
教四,rely
教四,remain
教四,remark
教四,remarkable
教四,remedy
教四,remember
教四,remind
教四,reminiscent
教四,remote
教四,removal
教四,remove
教四,render
教四,renew
教四,rent
教四,repair
教四,repeat
教四,repeatedly
教四,repetition
教四,replace
教四,replacement
教四,reply
教四,report
教四,reporter
教四,represent
教四,representation
教四,representative
教四,reproduce
教四,republic
教四,republican
教四,reputation
教四,request
教四,require
教四,requirement
教四,rescue
教四,research
教四,resemble
教四,resent
教四,reservation
教四,reserve
教四,reservoir
教四,residence
教四,resident
教四,resign
教四,resist
教四,resistance
教四,resistant
教四,resolution
教四,resolve
教四,resort
教四,resource
教四,respect
教四,respective
教四,respectively
教四,respond
教四,response
教四,responsibility
教四,responsible
教四,rest
教四,restaurant
教四,restless
教四,restore
教四,restrain
教四,restraint
教四,restrict
教四,result
教四,resume
教四,retail
教四,retain
教四,retell
教四,retire
教四,retreat
教四,return
教四,reunification
教四,reunion
教四,reunite
教四,reveal
教四,revenue
教四,reverse
教四,review
教四,reviewer
教四,revise
教四,revolt
教四,revolution
教四,revolutionary
教四,revolve
教四,reward
教四,rhythm
教四,rib
教四,ribbon
教四,rice
教四,rich
教四,rid
教四,ride
教四,ridge
教四,ridiculous
教四,rifle
教四,right
教四,right-handed
教四,rightist
教四,rights
教四,right-wing
教四,rigid
教四,ring
教四,ringroad
教四,riot
教四,rip
教四,ripe
教四,rise
教四,risk
教四,risky
教四,ritual
教四,rival
教四,river
教四,road
教四,roar
教四,roast
教四,rob
教四,robot
教四,rock
教四,rocket
教四,rod
教四,role
教四,roll
教四,roller
教四,romantic
教四,roof
教四,room
教四,root
教四,rope
教四,rose
教四,rotate
教四,rotten
教四,rough
教四,round
教四,rouse
教四,route
教四,routine
教四,row
教四,royal
教四,rub
教四,rubber
教四,rubbish
教四,rude
教四,rug
教四,ruin
教四,rule
教四,ruler
教四,rumour
教四,run
教四,rural
教四,rush
教四,rust
教四,sack
教四,sacrifice
教四,sad
教四,saddle
教四,safe
教四,safety
教四,sail
教四,sailing
教四,sailor
教四,saint
教四,sake
教四,salad
教四,salary
教四,sale
教四,salesman
教四,salt
教四,same
教四,sample
教四,sanction
教四,sand
教四,sandstorm
教四,sandwich
教四,satellite
教四,satisfaction
教四,satisfactory
教四,satisfied
教四,satisfy
教四,saturday
教四,sauce
教四,saucer
教四,sausage
教四,save
教四,saving
教四,saw
教四,say
教四,saying
教四,scale
教四,scan
教四,scandal
教四,scanner
教四,scarce
教四,scarcely
教四,scare
教四,scatter
教四,scene
教四,scenery
教四,schedule
教四,scheme
教四,scholar
教四,scholarship
教四,school
教四,schooling
教四,science
教四,scientific
教四,scientist
教四,scissors
教四,scold
教四,scope
教四,score
教四,scout
教四,scrape
教四,scratch
教四,scream
教四,screen
教四,screw
教四,script
教四,sea
教四,seagull
教四,seal
教四,seaman
教四,search
教四,seashell
教四,seaside
教四,season
教四,seat
教四,seaweed
教四,second
教四,secondary
教四,second-hand
教四,secret
教四,secretary
教四,section
教四,sector
教四,secure
教四,security
教四,see
教四,seed
教四,seek
教四,seem
教四,seemingly
教四,segment
教四,seize
教四,seldom
教四,select
教四,selection
教四,self
教四,selfish
教四,sell
教四,semester
教四,semiconductor
教四,seminar
教四,senate
教四,senator
教四,send
教四,senior
教四,sense
教四,sensible
教四,sensitive
教四,sentence
教四,separate
教四,september
教四,sequence
教四,series
教四,serious
教四,servant
教四,serve
教四,service
教四,session
教四,set
教四,setting
教四,settle
教四,settlement
教四,seven
教四,seventeen
教四,seventy
教四,several
教四,severe
教四,sew
教四,sex
教四,sexual
教四,shade
教四,shadow
教四,shake
教四,shall
教四,shallow
教四,shame
教四,shape
教四,share
教四,sharp
教四,sharpen
教四,shave
教四,shaver
教四,she
教四,shed
教四,sheep
教四,sheer
教四,sheet
教四,shelf
教四,shell
教四,shelter
教四,shield
教四,shift
教四,shine
教四,ship
教四,shirt
教四,shiver
教四,shock
教四,shoe
教四,shoot
教四,shop
教四,shopping
教四,shore
教四,short
教四,shortage
教四,shortcoming
教四,shortly
教四,shorts
教四,short-term
教四,short-wave
教四,shot
教四,should
教四,shoulder
教四,shout
教四,shove
教四,show
教四,shower
教四,shrink
教四,shrug
教四,shut
教四,shy
教四,sick
教四,side
教四,sidewalk
教四,sideways
教四,siege
教四,sigh
教四,sight
教四,sightseeing
教四,sign
教四,signal
教四,signature
教四,significance
教四,significant
教四,silence
教四,silent
教四,silicon
教四,silk
教四,silly
教四,silver
教四,similar
教四,similarly
教四,simple
教四,simplicity
教四,simplify
教四,simply
教四,sin
教四,since
教四,sincere
教四,sing
教四,single
教四,singular
教四,sink
教四,sip
教四,sir
教四,sister
教四,sit
教四,site
教四,situation
教四,six
教四,sixteen
教四,sixty
教四,size
教四,skate
教四,skeleton
教四,sketch
教四,ski
教四,skill
教四,skilled
教四,skillful
教四,skim
教四,skin
教四,skirt
教四,sky
教四,slam
教四,slap
教四,slave
教四,slavery
教四,sleep
教四,sleeve
教四,slender
教四,slice
教四,slide
教四,slight
教四,slim
教四,slip
教四,slippery
教四,slogan
教四,slope
教四,slow
教四,small
教四,smart
教四,smash
教四,smell
教四,smelly
教四,smile
教四,smoke
教四,smooth
教四,snack-bar
教四,snake
教四,snap
教四,snow
教四,snowball
教四,snowman
教四,so
教四,soak
教四,soap
教四,soar
教四,so-called
教四,soccer
教四,social
教四,socialism
教四,socialist
教四,society
教四,sociology
教四,sock
教四,soda
教四,sofa
教四,soft
教四,softball
教四,soft-drink
教四,software
教四,soil
教四,solar
教四,soldier
教四,sole
教四,solemn
教四,solid
教四,solitary
教四,solution
教四,solve
教四,some
教四,somebody
教四,somehow
教四,someone
教四,something
教四,sometime
教四,sometimes
教四,somewhat
教四,somewhere
教四,son
教四,song
教四,soon
教四,sophisticated
教四,sore
教四,sorrow
教四,sorry
教四,sort
教四,soul
教四,sound
教四,soup
教四,sour
教四,source
教四,south
教四,southeast
教四,southern
教四,southwest
教四,sow
教四,space
教四,spacecraft
教四,spaceship
教四,spade
教四,span
教四,spare
教四,spark
教四,sparrow
教四,speak
教四,speaker
教四,special
教四,specialist
教四,specialize
教四,species
教四,specific
教四,specifically
教四,specify
教四,specimen
教四,spectacular
教四,speculate
教四,speech
教四,speed
教四,spell
教四,spelling
教四,spend
教四,sphere
教四,spider
教四,spill
教四,spin
教四,spine
教四,spirit
教四,spiritual
教四,spit
教四,spite
教四,splash
教四,splendid
教四,split
教四,spoil
教四,spokesman
教四,spokesperson
教四,sponge
教四,sponsor
教四,spontaneous
教四,spoon
教四,sport
教四,sportsman
教四,spot
教四,spouse
教四,spray
教四,spread
教四,spring
教四,spur
教四,spy
教四,square
教四,squeeze
教四,stability
教四,stable
教四,stack
教四,stadium
教四,staff
教四,stage
教四,stagger
教四,stain
教四,stainless
教四,stair
教四,stake
教四,stale
教四,stamp
教四,stand
教四,standard
教四,standpoint
教四,star
教四,stare
教四,start
教四,startle
教四,starve
教四,state
教四,statement
教四,static
教四,station
教四,statistic
教四,statistics
教四,statue
教四,status
教四,stay
教四,steady
教四,steak
教四,steal
教四,steam
教四,steamer
教四,steel
教四,steep
教四,steer
教四,stem
教四,step
教四,stereotype
教四,stick
教四,sticky
教四,stiff
教四,still
教四,stimulate
教四,sting
教四,stir
教四,stock
教四,stocking
教四,stomach
教四,stomachache
教四,stone
教四,stoop
教四,stop
教四,storage
教四,store
教四,storey
教四,storm
教四,story
教四,stove
教四,straight
教四,strain
教四,strange
教四,stranger
教四,strap
教四,strategic
教四,strategy
教四,straw
教四,streak
教四,stream
教四,street
教四,strength
教四,strengthen
教四,stress
教四,stretch
教四,strict
教四,stride
教四,strike
教四,striking
教四,string
教四,strip
教四,stripe
教四,stroke
教四,strong
教四,structure
教四,struggle
教四,student
教四,studio
教四,study
教四,stuff
教四,stupid
教四,style
教四,subdivide
教四,subject
教四,submerge
教四,submit
教四,subsequent
教四,substance
教四,substantial
教四,substitute
教四,subtle
教四,subtract
教四,suburb
教四,subway
教四,succeed
教四,success
教四,successful
教四,succession
教四,successive
教四,such
教四,suck
教四,sudden
教四,suddenly
教四,suffer
教四,suffering
教四,sufficient
教四,sugar
教四,suggest
教四,suggestion
教四,suicide
教四,suit
教四,suitable
教四,suitcase
教四,sum
教四,summarize
教四,summary
教四,summer
教四,summit
教四,sun
教四,sunday
教四,sunglasses
教四,sunlight
教四,sunny
教四,sunrise
教四,sunset
教四,sunshine
教四,super
教四,superb
教四,superficial
教四,superior
教四,superman
教四,supermarket
教四,supervise
教四,supper
教四,supplement
教四,supply
教四,support
教四,suppose
教四,supreme
教四,sure
教四,surf
教四,surface
教四,surge
教四,surgeon
教四,surgery
教四,surplus
教四,surprise
教四,surrender
教四,surround
教四,surroundings
教四,survey
教四,survival
教四,survive
教四,survivor
教四,suspect
教四,suspend
教四,suspicion
教四,sustain
教四,sustainable
教四,swallow
教四,sway
教四,swear
教四,sweat
教四,sweater
教四,sweep
教四,sweet
教四,swell
教四,swift
教四,swim
教四,swing
教四,switch
教四,sword
教四,symbol
教四,symbolic
教四,sympathetic
教四,sympathize
教四,sympathy
教四,symptom
教四,synthetic
教四,system
教四,systematic
教四,table
教四,tackle
教四,tag
教四,tail
教四,tailor
教四,take
教四,tale
教四,talent
教四,talk
教四,tall
教四,tame
教四,tank
教四,tanker
教四,tap
教四,tape
教四,target
教四,task
教四,taste
教四,tasty
教四,tax
教四,taxfree
教四,taxi
教四,tea
教四,teach
教四,teacher
教四,team
教四,teamwork
教四,tear
教四,technical
教四,technician
教四,technique
教四,technology
教四,tedious
教四,teenager
教四,telecommunications
教四,telegram
教四,telegraph
教四,telephone
教四,telescope
教四,television
教四,tell
教四,temper
教四,temperature
教四,temple
教四,temporary
教四,temptation
教四,ten
教四,tend
教四,tendency
教四,tender
教四,tennis
教四,tense
教四,tension
教四,tent
教四,term
教四,terminal
教四,terrible
教四,territory
教四,terror
教四,test
教四,text
教四,textbook
教四,textile
教四,than
教四,thank
教四,that
教四,the
教四,theater
教四,theft
教四,their
教四,theirs
教四,them
教四,theme
教四,themselves
教四,then
教四,theoretical
教四,theory
教四,therapy
教四,there
教四,thereby
教四,therefore
教四,thermometer
教四,thermos
教四,these
教四,they
教四,thick
教四,thief
教四,thin
教四,thing
教四,think
教四,thinking
教四,third
教四,thirst
教四,thirsty
教四,thirteen
教四,thirty
教四,this
教四,thorough
教四,those
教四,though
教四,thought
教四,thoughtful
教四,thousand
教四,thread
教四,threat
教四,threaten
教四,three
教四,thrill
教四,thriller
教四,thrive
教四,throat
教四,through
教四,throughout
教四,throw
教四,thrust
教四,thumb
教四,thunder
教四,thursday
教四,thus
教四,tick
教四,ticket
教四,tide
教四,tidy
教四,tie
教四,tiger
教四,tight
教四,till
教四,timber
教四,time
教四,timetable
教四,tin
教四,tiny
教四,tip
教四,tire
教四,tired
教四,tissue
教四,title
教四,to
教四,toast
教四,tobacco
教四,today
教四,toe
教四,together
教四,toilet
教四,token
教四,tolerance
教四,tolerate
教四,toll
教四,tomato
教四,tomorrow
教四,ton
教四,tone
教四,tongue
教四,tonight
教四,too
教四,tool
教四,tooth
教四,top
教四,topic
教四,torch
教四,torture
教四,toss
教四,total
教四,touch
教四,tough
教四,tour
教四,tourism
教四,tourist
教四,tow
教四,toward
教四,towards
教四,towel
教四,tower
教四,town
教四,toy
教四,trace
教四,track
教四,tractor
教四,trade
教四,trademark
教四,tradition
教四,traditional
教四,traffic
教四,tragedy
教四,trail
教四,train
教四,trainee
教四,trainer
教四,training
教四,trait
教四,transaction
教四,transfer
教四,transform
教四,translate
教四,translation
教四,transmission
教四,transmit
教四,transparent
教四,transplant
教四,transport
教四,transportation
教四,trap
教四,trash
教四,travel
教四,tray
教四,treasure
教四,treat
教四,treatment
教四,treaty
教四,tree
教四,tremble
教四,tremendous
教四,trend
教四,trial
教四,triangle
教四,trick
教四,trifle
教四,trim
教四,trip
教四,triumph
教四,troop
教四,tropical
教四,trouble
教四,troublesome
教四,trousers
教四,truck
教四,true/
教四,truly
教四,trumpet
教四,trunk
教四,trust
教四,truth
教四,try
教四,t-shirt
教四,tube
教四,tuberculosis
教四,tuesday
教四,tune
教四,tunnel
教四,turn
教四,tutor
教四,twelfth
教四,twelve
教四,twentieth
教四,twenty
教四,twice
教四,twin
教四,twist
教四,two
教四,type
教四,typewriter
教四,typical
教四,typist
教四,tyre
教四,ugly
教四,ultimate
教四,umbrella
教四,uncle
教四,uncover
教四,under
教四,undergo
教四,undergraduate
教四,underground
教四,underline
教四,undermine
教四,underneath
教四,understand
教四,understanding
教四,undertake
教四,undo
教四,undoubtedly
教四,undutiful
教四,uneasy
教四,unemployment
教四,unexpected
教四,unfair
教四,unfortunate
教四,uniform
教四,union
教四,unique
教四,unit
教四,unite
教四,unity
教四,universal
教四,universe
教四,university
教四,unless
教四,unlike
教四,unload
教四,until
教四,unusual
教四,up
教四,upon
教四,upper
教四,upright
教四,upset
教四,upstairs
教四,up-to-date
教四,upward
教四,upwards
教四,urban
教四,urge
教四,urgent
教四,us
教四,usage
教四,use
教四,used
教四,useful
教四,useless
教四,user
教四,usual
教四,usually
教四,utility
教四,utilize
教四,utmost
教四,utter
教四,vacant
教四,vacation
教四,vacuum
教四,vague
教四,vain
教四,valid
教四,valley
教四,valuable
教四,value
教四,van
教四,vanish
教四,vapour
教四,variable
教四,variation
教四,variety
教四,various
教四,vary
教四,vast
教四,vcd - video com-pact disk
教四,vegetable
教四,vehicle
教四,veil
教四,venture
教四,verb
教四,verify
教四,version
教四,vertical
教四,very
教四,vessel
教四,veteran
教四,via
教四,vibrate
教四,vice
教四,victim
教四,victory
教四,video
教四,videophone
教四,view
教四,viewer
教四,viewpoint
教四,vigorous
教四,village
教四,vine
教四,vinegar
教四,violate
教四,violence
教四,violent
教四,violet
教四,violin
教四,violinist
教四,virtual
教四,virtually
教四,virtue
教四,virus
教四,visa
教四,visible
教四,vision
教四,visit
教四,visitor
教四,visual
教四,vital
教四,vitamin
教四,vivid
教四,vocabulary
教四,voice
教四,volcano
教四,volleyball
教四,volt
教四,voltage
教四,volume
教四,voluntary
教四,volunteer
教四,vote
教四,voyage
教四,wage
教四,wagon
教四,waist
教四,wait
教四,waiter
教四,wake
教四,waken
教四,walk
教四,wall
教四,wallet
教四,wander
教四,want
教四,war
教四,ward
教四,warm
教四,warmth
教四,warn
教四,wash
教四,waste
教四,watch
教四,water
教四,watermelon
教四,waterproof
教四,wave
教四,wax
教四,way
教四,wayside
教四,we
教四,weak
教四,weaken
教四,weakness
教四,wealth
教四,wealthy
教四,weapon
教四,wear
教四,weather
教四,weave
教四,web
教四,webcast
教四,website
教四,wedding
教四,wednesday
教四,weed
教四,week
教四,weekday
教四,weekend
教四,weekly
教四,weep
教四,weigh
教四,weight
教四,weird
教四,welcome
教四,weld
教四,welfare
教四,well
教四,well-known
教四,west
教四,western
教四,westerner
教四,wet
教四,whale
教四,what
教四,whatever
教四,whatsoever
教四,wheat
教四,wheel
教四,when
教四,whenever
教四,where
教四,whereas
教四,wherever
教四,whether
教四,which
教四,whichever
教四,while
教四,whip
教四,whisper
教四,whistle
教四,white
教四,white-collar
教四,who
教四,whoever
教四,whole
教四,wholly
教四,whom
教四,whose
教四,why
教四,wicked
教四,wide
教四,widen
教四,widespread
教四,widow
教四,width
教四,wife
教四,wild
教四,wildlife
教四,will
教四,willing
教四,win
教四,wind
教四,window
教四,wine
教四,wing
教四,winter
教四,wipe
教四,wire
教四,wireless
教四,wisdom
教四,wise
教四,wish
教四,wit
教四,with
教四,withdraw
教四,within
教四,without
教四,withstand
教四,witness
教四,wolf
教四,woman
教四,wonder
教四,wonderful
教四,wood
教四,wooden
教四,wool
教四,woollen
教四,word
教四,work
教四,worker
教四,workforce
教四,workman
教四,workmate
教四,workplace
教四,workshop
教四,world
教四,worldwide
教四,worm
教四,worried
教四,worry
教四,worse
教四,worship
教四,worst
教四,worth
教四,worthless
教四,worthwhile
教四,worthy
教四,would
教四,wound
教四,wrap
教四,wreck
教四,wrinkle
教四,wrist
教四,write
教四,writer
教四,writing
教四,wrong
教四,x-ray
教四,yard
教四,yawn
教四,year
教四,yearly
教四,yell
教四,yellow
教四,yes
教四,yesterday
教四,yet
教四,yield
教四,yoga
教四,yoghurt
教四,you
教四,young
教四,youngster
教四,your
教四,yours
教四,yourself
教四,youth
教四,yummy
教四,zero
教四,zone
教四,zoo
教六,abort
教六,absurd
教六,abundance
教六,academician
教六,accession
教六,accessory
教六,accommodate
教六,accountability
教六,accountable
教六,accountancy
教六,accounting
教六,accusation
教六,accustom
教六,activate
教六,actuality
教六,addict
教六,addicted
教六,addictive
教六,adhere
教六,adherence
教六,adjacent
教六,adjoin
教六,administer
教六,administrate
教六,admittance
教六,admittedly
教六,adolescence
教六,adolescent
教六,adore
教六,advancement
教六,adventurer
教六,adventurous
教六,adverse
教六,aerial
教六,aerospace
教六,aesthetic
教六,aesthetics
教六,affiliate
教六,affirm
教六,affix
教六,afflict
教六,affordable
教六,aggravate
教六,aggregate
教六,airborne
教六,aisle
教六,ale
教六,alien
教六,alienate
教六,allege
教六,allegedly
教六,alleviate
教六,allocate
教六,allotment
教六,alloy
教六,aloft
教六,alternate
教六,ambiguity
教六,ambiguous
教六,ambush
教六,amend
教六,ammunition
教六,ample
教六,amplify
教六,analogy
教六,analytical
教六,anew
教六,angel
教六,animate
教六,animated
教六,annoyance
教六,anonymous
教六,antibiotic
教六,apparatus
教六,appease
教六,appendix
教六,appraisal
教六,appraise
教六,appropriation
教六,apt
教六,arc
教六,arch
教六,arena
教六,armour
教六,array
教六,arrogance
教六,arrogant
教六,artery
教六,artful
教六,articulate
教六,artifact
教六,artillery
教六,ascend
教六,ascertain
教六,ascribe
教六,ashore
教六,assassin
教六,assassinate
教六,assassination
教六,assault
教六,assertive
教六,assimilate
教六,assurance
教六,astronomy
教六,athletic
教六,atlas
教六,atmospheric
教六,attendant
教六,attributable
教六,authenticity
教六,authoritative
教六,authorize
教六,automation
教六,autonomous
教六,autonomy
教六,avail
教六,availability
教六,avert
教六,aviation
教六,avoidance
教六,awesome
教六,axis
教六,baffle
教六,bald
教六,ballet
教六,ballot
教六,banknote
教六,bankruptcy
教六,barren
教六,batch
教六,battalion
教六,batter
教六,beforehand
教六,behavioural
教六,belly
教六,beneficiary
教六,bewilder
教六,bias
教六,bibliography
教六,bilingual
教六,billboard
教六,billionaire
教六,binder
教六,bingo
教六,biochemistry
教六,biography
教六,biomedical
教六,bishop
教六,bizarre
教六,blaze
教六,bleak
教六,bless
教六,bloc
教六,blueprint
教六,blunder
教六,blunt
教六,blush
教六,boastful
教六,bodily
教六,booth
教六,botanical
教六,botany
教六,bottomless
教六,boycott
教六,boyhood
教六,brace
教六,bracket
教六,breach
教六,breakage
教六,breakdown
教六,brew
教六,brewery
教六,bribery
教六,briefing
教六,brighten
教六,brim
教六,brink
教六,brisk
教六,broadband
教六,brochure
教六,broker
教六,brotherly
教六,bruise
教六,brutal
教六,brutality
教六,buck
教六,bully
教六,burdensome
教六,bureaucracy
教六,bureaucrat
教六,bureaucratic
教六,bust
教六,buzz
教六,bypass
教六,cafeteria
教六,calcium
教六,calculation
教六,calling
教六,calorie
教六,cannon
教六,canvas
教六,cape
教六,capsule
教六,caption
教六,captive
教六,carefree
教六,caring
教六,carve
教六,casino
教六,casualty
教六,catastrophe
教六,cater
教六,cathedral
教六,catholic
教六,cauliflower
教六,caution
教六,cavity
教六,celebrity
教六,cellular
教六,cemetery
教六,censorship
教六,census
教六,centralization
教六,certification
教六,certify
教六,chant
教六,chapel
教六,charitable
教六,cherish
教六,cholesterol
教六,chord
教六,chorus
教六,chronic
教六,chronicle
教六,chunk
教六,circulation
教六,circus
教六,civic
教六,clamp
教六,clan
教六,clarification
教六,clarity
教六,clasp
教六,classified
教六,clearance
教六,clear-cut
教六,clearing
教六,climax
教六,cluster
教六,clutch
教六,coalition
教六,cocktail
教六,coexistence
教六,cognitive
教六,coherent
教六,cohesion
教六,coincide
教六,coincidence
教六,collaboration
教六,collide
教六,colonize
教六,comet
教六,commemorate
教六,commend
教六,commentary
教六,commercialism
教六,commodity
教六,commonplace
教六,commonwealth
教六,companionship
教六,compartment
教六,compassionate
教六,competence
教六,compile
教六,complement
教六,complexion
教六,complexity
教六,complication
教六,compliment
教六,comply
教六,composite
教六,compulsory
教六,conceited
教六,conceive
教六,conception
教六,concise
教六,concurrently
教六,condemnation
教六,condolence
教六,condom
教六,confederation
教六,confer
教六,confidential
教六,configuration
教六,conform
教六,conformity
教六,confrontation
教六,confucianism
教六,conqueror
教六,conscientious
教六,consecutive
教六,consequent
教六,conserve
教六,console
教六,consolidate
教六,conspicuous
教六,constituent
教六,constitutional
教六,constrain
教六,constrict
教六,consultancy
教六,consultative
教六,contemplate
教六,contempt
教六,contend
教六,contention
教六,continuance
教六,contradict
教六,contrive
教六,convene
教六,converge
教六,conversion
教六,convertible
教六,cooker
教六,cooperative
教六,cordial
教六,cork
教六,cornerstone
教六,corporate
教六,corpse
教六,correlate
教六,correlation
教六,corrode
教六,corrupt
教六,cosmetic
教六,councillor
教六,counteract
教六,counterclockwise
教六,counterpart
教六,coupon
教六,courageous
教六,courtesy
教六,coverage
教六,coworker
教六,cozy
教六,crackdown
教六,cradle
教六,credible
教六,crisp
教六,criterion
教六,crowning
教六,crumble
教六,cubic
教六,cucumber
教六,culminate
教六,cultivation
教六,cumulative
教六,curfew
教六,customary
教六,cylinder
教六,daring
教六,dart
教六,dazzle
教六,debris
教六,decentralize
教六,decidedly
教六,decimal
教六,decisive
教六,decree
教六,dedicate
教六,dedication
教六,deduce
教六,deduction
教六,deductive
教六,deem
教六,default
教六,defection
教六,defective
教六,defendant
教六,defiance
教六,deficient
教六,definitive
教六,degenerate
教六,degrade
教六,delicacy
教六,denote
教六,denounce
教六,deplore
教六,deploy
教六,deport
教六,deprive
教六,derail
教六,deregulation
教六,descendant
教六,descent
教六,designate
教六,desirability
教六,desirous
教六,despise
教六,destined
教六,destiny
教六,detach
教六,detain
教六,detention
教六,deteriorate
教六,deterioration
教六,devastating
教六,deviate
教六,dew
教六,diagnosis
教六,dictator
教六,dietary
教六,differentiate
教六,diffuse
教六,digestive
教六,dilate
教六,diligent
教六,dilute
教六,diminish
教六,dioxide
教六,diploma
教六,directory
教六,disastrous
教六,discern
教六,disciplinary'
教六,disciplined
教六,disclose
教六,disclosure
教六,discontent
教六,discreet
教六,discrepancy
教六,discrete
教六,discriminate
教六,disjointed
教六,dismay
教六,dismissal
教六,dispatch
教六,dispense
教六,disperse
教六,displace
教六,disregard
教六,disrupt
教六,distill
教六,distinguishable
教六,distort
教六,distracted
教六,disturbance
教六,diversion
教六,divert
教六,dividend
教六,divine
教六,dock
教六,doctrine
教六,dodge
教六,dogged
教六,dogma
教六,dole
教六,domain
教六,dome
教六,dominance
教六,domination
教六,donate
教六,doom
教六,double-decker
教六,doubtless
教六,downside
教六,drainage
教六,drastic
教六,drawback
教六,dread
教六,dreamy
教六,driveway
教六,drought
教六,dual
教六,dub
教六,dubious
教六,duplicate
教六,dwell
教六,dweller
教六,easter
教六,eccentric
教六,eclipse
教六,ecological
教六,ecology
教六,ecosystem
教六,edible
教六,egocentric
教六,eject
教六,elapse
教六,elastic
教六,elasticity
教六,electoral
教六,electrician
教六,elevate
教六,elicit
教六,eligible
教六,elite
教六,eloquent
教六,emancipate
教六,embark
教六,embed
教六,embody
教六,emigrant
教六,emission
教六,empirical
教六,enclosure
教六,endanger
教六,endeavour
教六,endow
教六,enforcement
教六,enrollment
教六,ensue
教六,entail
教六,enthusiastic
教六,entity
教六,entrepreneur
教六,entrust
教六,envisage
教六,epoch
教六,equator
教六,eradicate
教六,erase
教六,erroneous
教六,erupt
教六,escalate
教六,escort
教六,essence
教六,esteem
教六,esthetic
教六,evacuate
教六,evaporate
教六,evenly
教六,evoke
教六,exceptional
教六,excerpt
教六,exhaustion
教六,exotic
教六,expectancy
教六,expedition
教六,expend
教六,expenditure
教六,expertise
教六,expire
教六,explanatory
教六,exposition
教六,exquisite
教六,extinct
教六,extract
教六,extravagant
教六,fabricate
教六,fabulous
教六,facet
教六,falsehood
教六,fascist
教六,fatality
教六,feasibility
教六,feast
教六,feat
教六,federation
教六,feeble
教六,fellowship
教六,feminine
教六,ferry
教六,filling
教六,finite
教六,fitting
教六,fixture
教六,flank
教六,flap
教六,flare
教六,flatter
教六,flaw
教六,flip
教六,flush
教六,flutter
教六,foam
教六,foil
教六,forcibly
教六,foremost
教六,forerunner
教六,foresight
教六,foretell
教六,formality
教六,formidable
教六,formulate
教六,fort
教六,forthcoming
教六,foster
教六,foul
教六,fracture
教六,fragile
教六,fragrance
教六,fragrant
教六,frantic
教六,fret
教六,friction
教六,fright
教六,fringe
教六,funding
教六,furious
教六,fury
教六,fuse
教六,fusion
教六,gadget
教六,galaxy
教六,garlic
教六,garment
教六,gasp
教六,gauge
教六,generalize
教六,generosity
教六,geology
教六,gigantic
教六,giggle
教六,glamour
教六,gland
教六,glare
教六,glaze
教六,gleam
教六,glide
教六,glitter
教六,globalize
教六,gloom
教六,glossary
教六,gorge
教六,gorgeous
教六,gossip
教六,gracious
教六,granted
教六,graphic
教六,graze
教六,grease
教六,grid
教六,grieve
教六,grill
教六,grim
教六,grin
教六,groan
教六,groove
教六,grope
教六,gruel
教六,guardian
教六,guilt
教六,gunfire
教六,hairy
教六,hamper
教六,handicap
教六,handicraft
教六,handset
教六,harassment
教六,hardy
教六,harmonious
教六,hasty
教六,hatch
教六,haunt
教六,hawk
教六,hazardous
教六,heighten
教六,hemisphere
教六,henceforth
教六,herb
教六,heritage
教六,hesitant
教六,hibernate
教六,hierarchical
教六,hierarchy
教六,hike
教六,hinge
教六,historian
教六,hitherto
教六,hive
教六,hoist
教六,holly
教六,homogeneous
教六,homosexual
教六,honorary
教六,hop
教六,hormone
教六,hospitality
教六,hostage
教六,hotly
教六,hound
教六,hover
教六,howl
教六,huddle
教六,hug
教六,hum
教六,humane
教六,humanism
教六,humanist
教六,humanitarian
教六,humidity
教六,hurl
教六,hurricane
教六,hypothesis
教六,hysterical
教六,icon
教六,ideological
教六,ideology
教六,idiot
教六,ignite
教六,illicit
教六,illiterate
教六,illuminate
教六,imaginative
教六,imitation
教六,immerse
教六,immunize
教六,impair
教六,impart
教六,imperative
教六,imperialism
教六,imperialist
教六,impetus
教六,imprison
教六,impromptu
教六,inaugurate
教六,inborn
教六,incentive
教六,incidentally
教六,inclusive
教六,incompatible
教六,incompetence
教六,incomprehensive
教六,inconsistency
教六,incorporate
教六,incur
教六,indefinite
教六,indicative
教六,indignant
教六,indignation
教六,induction
教六,inductive
教六,indulge
教六,inertia
教六,infectious
教六,infinity
教六,inflict
教六,infringe
教六,ingenious
教六,inhabit
教六,inhibit
教六,initiate
教六,inject
教六,inland
教六,inlet
教六,innovation
教六,innumerable
教六,installment
教六,instantaneous
教六,institutional
教六,instrumental
教六,insulate
教六,insurgency
教六,insurgent
教六,integral
教六,intellect
教六,intelligible
教六,intent
教六,interactive
教六,intercourse
教六,interim
教六,intermediary
教六,intermittent
教六,interrogation
教六,intersection
教六,intervene
教六,interwoven
教六,intolerance
教六,intolerant
教六,intricate
教六,intrigue
教六,intrinsic
教六,intuition
教六,invalid
教六,invaluable
教六,invariably
教六,inventory
教六,invert
教六,investigator
教六,investor
教六,irony
教六,irrational
教六,irregular
教六,irrespective
教六,irritate
教六,isle
教六,isolation
教六,ivory
教六,jealousy
教六,jelly
教六,jeopardize
教六,jerk
教六,jigsaw
教六,jog
教六,judicial
教六,judiciary
教六,junction
教六,junk
教六,juvenile
教六,kidnap
教六,kidney
教六,kilowatt
教六,knob
教六,lace
教六,lame
教六,landmark
教六,landmine
教六,lash
教六,latitude
教六,lawful
教六,lawsuit
教六,layman
教六,layoff
教六,leaflet
教六,leftist
教六,legalization
教六,legend
教六,legislative
教六,legislator
教六,lesbian
教六,liaison
教六,lightweight
教六,linear
教六,linen
教六,liner
教六,linger
教六,lipstick
教六,literal
教六,litter
教六,livelihood
教六,locality
教六,locomotive
教六,locust
教六,lofty
教六,longitude
教六,loom
教六,lordship
教六,lounge
教六,lubricate
教六,luminous
教六,lunar
教六,lure
教六,magistrate
教六,magnify
教六,magnitude
教六,majesty
教六,makeup
教六,malicious
教六,mall
教六,malpractice
教六,managerial
教六,maneuver
教六,manhood
教六,manifest
教六,mansion
教六,manuscript
教六,marble
教六,martyr
教六,masculine
教六,massacre
教六,masterful
教六,mastermind
教六,masterpiece
教六,mastery
教六,maternity
教六,maturity
教六,maximize
教六,meadow
教六,measurable
教六,mechanics
教六,mediate
教六,mediator
教六,medicare
教六,medieval
教六,melody
教六,memorandum
教六,memorize
教六,menace
教六,mercury
教六,merge
教六,merger
教六,metallic
教六,methodology
教六,metropolitan
教六,midst
教六,midwife
教六,migrant
教六,milestone
教六,militant
教六,militia
教六,milky
教六,mingle
教六,miniature
教六,minibus
教六,minimal
教六,minimize
教六,ministerial
教六,mint
教六,misery
教六,misfortune
教六,misguide
教六,missionary
教六,mistress
教六,mob
教六,mobilize
教六,mock
教六,moderator
教六,module
教六,momentary
教六,momentum
教六,monastery
教六,monetary
教六,monopoly
教六,mortal
教六,mortgage
教六,motel
教六,motherhood
教六,mountainous
教六,mourn
教六,muddy
教六,multicultural
教六,multilateral
教六,multinational
教六,multitude
教六,municipal
教六,murmur
教六,muscle
教六,muscular
教六,mute
教六,mutter
教六,naive
教六,nationalism
教六,nationalist
教六,navigation
教六,necessitate
教六,neglectful
教六,negligible
教六,negotiable
教六,neutralize
教六,nickname
教六,nil
教六,nominal
教六,nominate
教六,nominee
教六,nonetheless
教六,nonprofit
教六,normalize
教六,notation
教六,note
教六,noteworthy
教六,notorious
教六,notwithstanding
教六,numerical
教六,nurture
教六,nutrition
教六,oath
教六,obedience
教六,obedient
教六,obese
教六,obesity
教六,obscene
教六,obscure
教六,occupational
教六,odour
教六,offset
教六,offspring
教六,olive
教六,omelette
教六,omission
教六,onset
教六,onward
教六,operative
教六,opinionated
教六,opium
教六,oppress
教六,optic
教六,optimism
教六,optimum
教六,oracle
教六,orient
教六,oriental
教六,orientation
教六,originate
教六,orthodox
教六,oust
教六,outbreak
教六,outdate
教六,outfit
教六,outflow
教六,outgoing
教六,outpost
教六,outrage
教六,outreach
教六,overflow
教六,overhear
教六,overlap
教六,overpass
教六,oversee
教六,oversight
教六,overstate
教六,overt
教六,overthrow
教六,overtime
教六,overturn
教六,overwhelming
教六,owl
教六,oxide
教六,ozone
教六,pact
教六,pamphlet
教六,paperback
教六,parachute
教六,paradise
教六,paradox
教六,paralyze
教六,parameter
教六,parasite
教六,parental
教六,parliamentary
教六,participant
教六,partition
教六,passersby
教六,pastime
教六,pastry
教六,pasture
教六,patent
教六,pathetic
教六,patriot
教六,patriotic
教六,patriotism
教六,patrol
教六,patron
教六,peanut
教六,pearl
教六,peculiarity
教六,pedal
教六,pedestrian
教六,peel
教六,peg
教六,pendulum
教六,penguin
教六,peninsula
教六,pensioner
教六,perfume
教六,periodic
教六,permeate
教六,permissible
教六,perpetual
教六,perplex
教六,persecution
教六,persuasive
教六,pervasive
教六,pest
教六,petition
教六,petitioner
教六,petrochemical
教六,petty
教六,phoenix
教六,physiological
教六,pilgrim
教六,pipeline
教六,pirate
教六,planetary
教六,plaster
教六,plateau
教六,plaza
教六,plea
教六,plead
教六,plight
教六,poke
教六,polar
教六,pollutant
教六,polytechnic
教六,ponder
教六,populate
教六,porch
教六,porridge
教六,portfolio
教六,posture
教六,practicable
教六,preach
教六,precede
教六,precedent
教六,preclude
教六,predecessor
教六,prediction
教六,predominant
教六,premature
教六,premier
教六,premise
教六,premium
教六,prescription
教六,preservation
教六,preside
教六,presidential
教六,prestige
教六,presume
教六,presumption
教六,pretext
教六,prevalent
教六,preview
教六,prey
教六,privacy
教六,privileged
教六,probability
教六,problematic
教六,proceeding
教六,profitable
教六,profound
教六,prolong
教六,prone
教六,propaganda
教六,propagate
教六,propel
教六,prophet
教六,proposition
教六,prose
教六,prosecute
教六,prosecution
教六,prospective
教六,prototype
教六,provincial
教六,provocative
教六,proximity
教六,prune
教六,psychiatric
教六,psychiatrist
教六,publicize
教六,pudding
教六,pumpkin
教六,punctuality
教六,punctuate
教六,purify
教六,purity
教六,qualitative
教六,quantify
教六,quantitative
教六,quarantine
教六,quart
教六,quarterly
教六,quartz
教六,queer
教六,quench
教六,questionnaire
教六,quota
教六,racecourse
教六,racket
教六,radiant
教六,radiate
教六,radioactive
教六,radium
教六,radius
教六,random
教六,rap
教六,rape
教六,rash
教六,rating
教六,reactionary
教六,realism
教六,reassure
教六,rebellion
教六,rebound
教六,recede
教六,receptor
教六,recipe
教六,recipient
教六,reciprocal
教六,recite
教六,reckless
教六,reclaim
教六,reconciliation
教六,recount
教六,recruitment
教六,rectangular
教六,rectify
教六,recur
教六,recyclable
教六,redundant
教六,reel
教六,referee
教六,refinery
教六,refrain
教六,refreshment
教六,refuge
教六,refund
教六,refute
教六,regime
教六,regiment
教六,regulatory
教六,rehearsal
教六,rehearse
教六,reign
教六,rein
教六,rejoice
教六,relay
教六,reliance
教六,relish
教六,remainder
教六,reminiscence
教六,remnant
教六,renaissance
教六,renewable
教六,renowned
教六,repay
教六,repel
教六,repertoire
教六,repression
教六,repressive
教六,reproach
教六,rescuer
教六,resemblance
教六,resentment
教六,reshuffle
教六,reside
教六,residential
教六,resignation
教六,resourceful
教六,respectable
教六,respectful
教六,respondent
教六,responsive
教六,restoration
教六,restructure
教六,resultant
教六,retailer
教六,retention
教六,retort
教六,retrieval
教六,retrieve
教六,retrospect
教六,retrospective
教六,revelation
教六,revenge
教六,reversible
教六,revert
教六,revive
教六,rigorous
教六,rim
教六,rivalry
教六,robbery
教六,robust
教六,romance
教六,rooster
教六,rot
教六,rotary
教六,roughly
教六,routinely
教六,royalty
教六,rupture
教六,sabotage
教六,sacred
教六,safeguard
教六,salute
教六,salvation
教六,sarcasm
教六,sars
教六,saturate
教六,savage
教六,saxophone
教六,scar
教六,scarcity
教六,scenario
教六,scent
教六,scholarly
教六,scorn
教六,scramble
教六,scrap
教六,scrub
教六,scrutiny
教六,sculpture
教六,seam
教六,secrecy
教六,secular
教六,segregate
教六,segregation
教六,seniority
教六,sensation
教六,sensational
教六,sensitivity
教六,sensual
教六,sentiment
教六,sergeant
教六,serial
教六,setback
教六,sexy
教六,shabby
教六,shaft
教六,shaky
教六,shareholder
教六,shark
教六,shatter
教六,shepherd
教六,shiny
教六,shipment
教六,shrewd
教六,shrub
教六,shutter
教六,shuttle
教六,sideline
教六,sieve
教六,signify
教六,signpost
教六,simplification
教六,simplistic
教六,simulate
教六,simultaneous
教六,situate
教六,situated
教六,sizable
教六,skeptical
教六,skip
教六,skull
教六,skyline
教六,slack
教六,slash
教六,slaughter
教六,slot
教六,slum
教六,slump
教六,smuggle
教六,snack
教六,snapshot
教六,snatch
教六,sneak
教六,sneaker
教六,sniff
教六,sober
教六,socialize
教六,sociologist
教六,solemnity
教六,solicitor
教六,solidarity
教六,solo
教六,soluble
教六,sovereign
教六,sovereignty
教六,spacious
教六,sparkle
教六,speciality
教六,specialization
教六,specialty
教六,specification
教六,spectacle
教六,spectator
教六,spectrum
教六,speculation
教六,speculative
教六,spice
教六,spinal
教六,spiral
教六,sprinkle
教六,squad
教六,stab
教六,stabilize
教六,staircase
教六,stalk
教六,stall
教六,standby
教六,standoff
教六,staple
教六,statesman
教六,stationary
教六,stereo
教六,stern
教六,stimulus
教六,stitch
教六,stockholder
教六,stopwatch
教六,straightforward
教六,strand
教六,stray
教六,streamline
教六,stricken
教六,strive
教六,stroll
教六,stubborn
教六,stumble
教六,stump
教六,stun
教六,sturdy
教六,subjective
教六,submarine
教六,submission
教六,subordinate
教六,subscribe
教六,subscriber
教六,subscription
教六,subsidiary
教六,subsidy
教六,subsistence
教六,substantive
教六,successor
教六,sue
教六,suffice
教六,suite
教六,sulfur
教六,summon
教六,superintendent
教六,superiority
教六,supersonic
教六,supervisor
教六,supplementary
教六,supportive
教六,suppress
教六,surgical
教六,surpass
教六,susceptible
教六,suspension
教六,suspicious
教六,swamp
教六,swap
教六,symmetrical
教六,symmetry
教六,symphony
教六,symposium
教六,syndrome
教六,synthesis
教六,tablet
教六,taboo
教六,tack
教六,tactful
教六,takeoff
教六,tan
教六,tangle
教六,tariff
教六,tease
教六,telecom
教六,temperament
教六,tempo
教六,temporal
教六,tempt
教六,tenant
教六,tentative
教六,terminate
教六,termination
教六,terrace
教六,terrain
教六,terrific
教六,terrify
教六,terrorism
教六,terrorist
教六,testify
教六,testimony
教六,texture
教六,thanksgiving
教六,thereafter
教六,thermal
教六,thesis
教六,thigh
教六,thorn
教六,threshold
教六,throne
教六,tickle
教六,tile
教六,tilt
教六,timely
教六,timid
教六,tolerant
教六,toxic
教六,tract
教六,tragic
教六,transcend
教六,transcontinental
教六,transcribe
教六,transient
教六,transistor
教六,transit
教六,transition
教六,traverse
教六,trench
教六,tribe
教六,tribunal
教六,tribute
教六,trigger
教六,trillion
教六,triple
教六,trivial
教六,truthful
教六,tub
教六,tuck
教六,tug
教六,tuition
教六,tumble
教六,turbulence
教六,turbulent
教六,turnout
教六,turnover
教六,tutorial
教六,ulcer
教六,ultraviolet
教六,unanimous
教六,unbutton
教六,unconditional
教六,underdeveloped
教六,underestimate
教六,underlying
教六,underscore
教六,underway
教六,unfold
教六,unification
教六,unify
教六,unilateral
教六,unlawful
教六,unprecedented
教六,unsettle
教六,unveil
教六,unworkable
教六,upcoming
教六,update
教六,upfront
教六,upgrade
教六,uphold
教六,upside
教六,urgency
教六,utilization
教六,utopia
教六,vacancy
教六,vaccinate
教六,vaccine
教六,validate
教六,validity
教六,valve
教六,vanilla
教六,vegetation
教六,vein
教六,velocity
教六,velvet
教六,venerable
教六,vent
教六,ventilate
教六,venue
教六,verbal
教六,verdict
教六,verge
教六,versatile
教六,verse
教六,versus
教六,veto
教六,vicinity
教六,vicious
教六,victorious
教六,virgin
教六,virtuous
教六,visibility
教六,visionary
教六,visualize
教六,vocal
教六,vocational
教六,voucher
教六,vow
教六,vulgar
教六,vulnerable
教六,wardrobe
教六,warehouse
教六,warfare
教六,warrant
教六,wasteful
教六,wasteland
教六,watchdog
教六,watertight
教六,watt
教六,weary
教六,wedge
教六,weightlifting
教六,well-being
教六,well-off
教六,whereby
教六,whirl
教六,wholeness
教六,wholesale
教六,withhold
教六,wording
教六,wreckage
教六,wrench
教六,wretched
教六,yacht
教六,yankee
教六,zigzag
教六,zinc
教六,zoological
教高,abbey
教高,abbreviation
教高,abduct
教高,abide
教高,abound
教高,abreast
教高,abusive
教高,acclaim
教高,accomplice
教高,ace
教高,acoustic
教高,acquit
教高,activist
教高,acupuncture
教高,additive
教高,adept
教高,adhesive
教高,adjourn
教高,admiral
教高,adorn
教高,advent
教高,adversary
教高,adversity
教高,affiliation
教高,affinity
教高,affluent
教高,afloat
教高,afresh
教高,aftermath
教高,agitate
教高,aide
教高,ailment
教高,airhostess
教高,airstrike
教高,akin
教高,alcoholic
教高,algebra
教高,align
教高,allegation
教高,allegiance
教高,allergy
教高,alley
教高,allot
教高,allude
教高,allure
教高,almighty
教高,amass
教高,amiable
教高,analogue
教高,anarchist
教高,ancestry
教高,anecdote
教高,anguish
教高,annex
教高,anonymity
教高,antagonism
教高,antagonist
教高,antenna
教高,anthropologist
教高,antimissile
教高,antiquity
教高,antonym
教高,ape
教高,appall
教高,apprehend
教高,apprentice
教高,apron
教高,aptitude
教高,arbitration
教高,archaeologist
教高,archaeology
教高,ardent
教高,arduous
教高,arid
教高,aristocrat
教高,armament
教高,arsenal
教高,arson
教高,aspire
教高,ass
教高,assorted
教高,asthma
教高,astray
教高,astronaut
教高,asylum
教高,atrocity
教高,attic
教高,audit
教高,auditor
教高,auditorium
教高,auditory
教高,augment
教高,austere
教高,autobiography
教高,avenge
教高,awe
教高,badminton
教高,bail
教高,bait
教高,bale
教高,bandit
教高,banish
教高,baptize
教高,barbecue
教高,barge
教高,barley
教高,barometer
教高,barrack
教高,barricade
教高,bass
教高,bastard
教高,bead
教高,beak
教高,beckon
教高,beetle
教高,bellow
教高,benchmark
教高,benevolence
教高,benevolent
教高,benign
教高,beset
教高,besiege
教高,bestow
教高,beverage
教高,beware
教高,bilateral
教高,billiard
教高,billow
教高,bin
教高,binoculars
教高,bitch
教高,blackmail
教高,blacksmith
教高,bladder
教高,bland
教高,bleach
教高,blight
教高,bliss
教高,blister
教高,blockade
教高,blonde
教高,blot
教高,bluff
教高,blurt
教高,bog
教高,bolster
教高,bondage
教高,borough
教高,bosom
教高,bounty
教高,bouquet
教高,bourgeois
教高,bout
教高,bowling
教高,bracelet
教高,brag
教高,brandy
教高,brawl
教高,brigade
教高,bristle
教高,brittle
教高,brokerage
教高,bronze
教高,brood
教高,brook
教高,buckle
教高,buddhism
教高,buddhist
教高,budgetary
教高,buff
教高,buffalo
教高,buffer
教高,buffet
教高,bulge
教高,bumper
教高,bun
教高,bungalow
教高,bunk
教高,burglar
教高,burrow
教高,bustle
教高,butt
教高,caffeine
教高,calamity
教高,calf
教高,canoe
教高,canyon
教高,capitalism
教高,capitalize
教高,caravan
教高,carbohydrate
教高,carcass
教高,cardboard
教高,cardinal
教高,caress
教高,caretaker
教高,carton
教高,cartridge
教高,cavalry
教高,cavern
教高,cedar
教高,censure
教高,ceramic
教高,chancellor
教高,charcoal
教高,chatter
教高,chauffeur
教高,chef
教高,chimpanzee
教高,choir
教高,chore
教高,chrysanthemum
教高,chuck
教高,chuckle
教高,clatter
教高,cleanse
教高,clement
教高,clench
教高,clergy
教高,cliche
教高,clinch
教高,cloak
教高,clog
教高,closure
教高,clown
教高,coax
教高,cockpit
教高,coconut
教高,coercive
教高,cohesive
教高,colon
教高,colonel
教高,colonialism
教高,colossal
教高,columnist
教高,coma
教高,comma
教高,commencement
教高,commissioner
教高,commotion
教高,communal
教高,communique
教高,compassion
教高,complacent
教高,compliance
教高,comprehend
教高,compression
教高,concerted
教高,concerto
教高,conducive
教高,cone
教高,confide
教高,confiscate
教高,congregate
教高,congressman
教高,connotation
教高,conspiracy
教高,conspire
教高,constituency
教高,constraint
教高,construe
教高,consul
教高,consulate
教高,consummate
教高,contagious
教高,containment
教高,contentious
教高,contingent
教高,contraception
教高,convent
教高,converse
教高,convoy
教高,cookie
教高,coral
教高,corporal
教高,cosmic
教高,cosmopolitan
教高,counterfeit
教高,coup
教高,courteous
教高,crab
教高,cracker
教高,cram
教高,cramp
教高,crank
教高,crap
教高,crate
教高,crater
教高,crave
教高,crayon
教高,creak
教高,crease
教高,credential
教高,credibility
教高,creed
教高,creek
教高,crescent
教高,crest
教高,crib
教高,cricket
教高,crimson
教高,crocodile
教高,crooked
教高,crouch
教高,crow
教高,cruiser
教高,crumb
教高,crumple
教高,crunch
教高,crutch
教高,cub
教高,cuff
教高,cuisine
教高,culprit
教高,cult
教高,cumbersome
教高,cunning
教高,curtail
教高,custody
教高,cutlery
教高,cyberspace
教高,dagger
教高,daunt
教高,deadlock
教高,dealer
教高,debut
教高,deceit
教高,deceptive
教高,decode
教高,defer
教高,defiant
教高,deflect
教高,deliberation
教高,delusion
教高,demobilize
教高,democrat
教高,demolish
教高,den
教高,denomination
教高,dependency
教高,deplete
教高,deployment
教高,depot
教高,depreciation
教高,derivative
教高,desolate
教高,deter
教高,detergent
教高,deterrent
教高,detonate
教高,detour
教高,detrimental
教高,devastate
教高,devious
教高,devour
教高,diabetes
教高,dice
教高,diesel
教高,digit
教高,dime
教高,dinosaur
教高,disability
教高,disable
教高,discord
教高,discourse
教高,discredit
教高,discrimination
教高,discriminatory
教高,disdain
教高,disgrace
教高,disillusion
教高,disintegrate
教高,dismal
教高,dismantle
教高,disposition
教高,disseminate
教高,dissent
教高,dissertation
教高,dissident
教高,dissipate
教高,diversify
教高,doctorate
教高,documentary
教高,dominion
教高,dough
教高,dove
教高,downfall
教高,downgrade
教高,downplay
教高,doze
教高,draught
教高,dreary
教高,dressing
教高,drizzle
教高,duke
教高,dwindle
教高,dynamite
教高,dynasty
教高,earring
教高,ebb
教高,ecstasy
教高,electorate
教高,eligibility
教高,elusive
教高,embargo
教高,emblem
教高,embroidery
教高,embryo
教高,eminent
教高,emphatic
教高,empower
教高,emulate
教高,enact
教高,enamel
教高,enchant
教高,encompass
教高,encyclopaedia
教高,engrave
教高,enhancement
教高,enlist
教高,ensemble
教高,envoy
教高,epic
教高,equate
教高,equity
教高,err
教高,errand
教高,erratic
教高,espionage
教高,ethic
教高,etiquette
教高,evacuation
教高,evade
教高,evergreen
教高,excel
教高,exertion
教高,exponent
教高,expound
教高,exuberance
教高,eyebrow
教高,faction
教高,factual
教高,falter
教高,fanatic
教高,feminist
教高,fencing
教高,fend
教高,ferocious
教高,feudal
教高,feudalism
教高,feudalist
教高,fiddle
教高,fidelity
教高,fiery
教高,filth
教高,fin
教高,finalize
教高,fireplace
教高,fireworks
教高,fiscal
教高,flake
教高,flask
教高,flick
教高,flicker
教高,flirt
教高,flit
教高,floral
教高,flu
教高,fluorescent
教高,flute
教高,flux
教高,foe
教高,foliage
教高,footage
教高,ford
教高,fore
教高,forefront
教高,foreground
教高,forfeit
教高,forgery
教高,forsake
教高,forthright
教高,fortify
教高,fortress
教高,franchise
教高,fraternity
教高,fraught
教高,freelance
教高,frenzy
教高,fugitive
教高,fumble
教高,fume
教高,fungus
教高,futile
教高,gaiety
教高,gale
教高,gallant
教高,gallop
教高,gangster
教高,garrison
教高,gash
教高,genre
教高,ginger
教高,giveaway
教高,glacier
教高,glisten
教高,gorilla
教高,gospel
教高,graft
教高,grandeur
教高,granite
教高,gravel
教高,gravy
教高,greed
教高,groom
教高,grotesque
教高,grove
教高,growl
教高,grudge
教高,grumble
教高,grunt
教高,guerrilla
教高,guild
教高,gulp
教高,gush
教高,gust
教高,gut
教高,gutter
教高,habitat
教高,hack
教高,hamburger
教高,handover
教高,harass
教高,hard-line
教高,harp
教高,haven
教高,havoc
教高,haze
教高,hearth
教高,hectare
教高,hectic
教高,hegemony
教高,helmet
教高,hem
教高,herald
教高,hereby
教高,hereditary
教高,hermit
教高,heroine
教高,heterogeneous
教高,hideous
教高,hijack
教高,hiss
教高,hitch
教高,hoard
教高,hoarse
教高,hockey
教高,hoe
教高,holder
教高,homage
教高,hood
教高,hoof
教高,horrific
教高,horrify
教高,hostess
教高,hostility
教高,hue
教高,humiliate
教高,hurdle
教高,hush
教高,hustle
教高,hybrid
教高,hygiene
教高,hygienic
教高,hymn
教高,hyphen
教高,hypocrisy
教高,idol
教高,immaturity
教高,imminent
教高,immortal
教高,impede
教高,implant
教高,implicate
教高,imposition
教高,impoverish
教高,inaugural
教高,incense
教高,incessant
教高,incite
教高,incubation
教高,incumbent
教高,indebted
教高,indeterminate
教高,indict
教高,indictment
教高,indigenous
教高,infamous
教高,infantry
教高,inflate
教高,infrared
教高,infrastructure
教高,ingenuity
教高,inhale
教高,inmate
教高,innate
教高,innovative
教高,inscription
教高,insomnia
教高,intake
教高,intercept
教高,interface
教高,intervention
教高,intoxicate
教高,intrude
教高,intruder
教高,invincible
教高,invoke
教高,ironically
教高,islamic
教高,itch
教高,ivy
教高,jack
教高,jade
教高,jargon
教高,jeep
教高,jeopardy
教高,jewellery
教高,jockey
教高,jolly
教高,jolt
教高,jug
教高,juggle
教高,jumbo
教高,jurisdiction
教高,kin
教高,kitten
教高,knight
教高,knuckle
教高,labyrinth
教高,laden
教高,lament
教高,lance
教高,languish
教高,lantern
教高,lapse
教高,latent
教高,lavish
教高,ledge
教高,legacy
教高,legitimacy
教高,legitimate
教高,lemonade
教高,lenient
教高,lily
教高,limousine
教高,linguistic
教高,literate
教高,litigation
教高,livestock
教高,lobster
教高,locker
教高,logistic
教高,longevity
教高,loot
教高,lotion
教高,lottery
教高,lotus
教高,loudspeaker
教高,lucrative
教高,lull
教高,lumber
教高,lust
教高,lyric
教高,maiden
教高,majestic
教高,makeshift
教高,malice
教高,malignant
教高,malnutrition
教高,mammal
教高,mammoth
教高,mandate
教高,mandatory
教高,maple
教高,mar
教高,marathon
教高,mare
教高,marijuana
教高,marital
教高,maritime
教高,martial
教高,marvel
教高,mash
教高,massage
教高,mast
教高,materialistic
教高,materially
教高,maternal
教高,mattress
教高,meditation
教高,melancholy
教高,mellow
教高,melon
教高,memo
教高,memoir
教高,mentality
教高,merchandise
教高,metaphor
教高,methodical
教高,meticulous
教高,metro
教高,mileage
教高,miraculous
教高,mischief
教高,misconception
教高,misgiving
教高,modification
教高,momentous
教高,monarchy
教高,monk
教高,monologue
教高,monopolize
教高,monotonous
教高,mop
教高,morale
教高,moss
教高,moth
教高,motorcycle
教高,motto
教高,mound
教高,mow
教高,mule
教高,mumble
教高,muslim
教高,mustard
教高,mutton
教高,muzzle
教高,myriad
教高,mystic
教高,mythology
教高,nap
教高,naughty
教高,nausea
教高,necklace
教高,negligence
教高,neon
教高,neutrality
教高,neutron
教高,newscaster
教高,newsreel
教高,nicotine
教高,nostalgic
教高,nostril
教高,nuance
教高,nude
教高,numb
教高,nun
教高,nutrient
教高,oar
教高,observatory
教高,obsession
教高,obstruct
教高,occupancy
教高,occupant
教高,opaque
教高,opt
教高,optimal
教高,orchard
教高,ordeal
教高,ornamental
教高,orphan
教高,outing
教高,outlaw
教高,outperform
教高,outright
教高,outskirts
教高,overdue
教高,overhaul
教高,override
教高,oyster
教高,paddle
教高,panda
教高,pang
教高,panorama
教高,pant
教高,paradigm
教高,paramount
教高,parentage
教高,parenthesis
教高,parish
教高,parlor
教高,parole
教高,parrot
教高,partisan
教高,partnership
教高,passionate
教高,pathology
教高,patronize
教高,payroll
教高,pebble
教高,peck
教高,peddle
教高,pediatric
教高,peep
教高,penalize
教高,pending
教高,perch
教高,peril
教高,peripheral
教高,persecute
教高,persevere
教高,persistent
教高,pertain
教高,pertinent
教高,pester
教高,pesticide
教高,petal
教高,pharmacy
教高,picket
教高,picturesque
教高,pier
教高,piety
教高,pineapple
教高,pinpoint
教高,piston
教高,pitfall
教高,pizza
教高,plank
教高,plenary
教高,pluck
教高,plum
教高,plumber
教高,plume
教高,plump
教高,plunder
教高,pneumonia
教高,poignant
教高,poise
教高,polyester
教高,pony
教高,popcorn
教高,populous
教高,porcelain
教高,pore
教高,postscript
教高,potent
教高,pottery
教高,poultry
教高,practitioner
教高,pragmatic
教高,prairie
教高,prawn
教高,precarious
教高,precipitate
教高,predatory
教高,prefix
教高,pregnancy
教高,preoccupy
教高,prerequisite
教高,pretentious
教高,prevalence
教高,prick
教高,privatization
教高,probation
教高,procurement
教高,prodigy
教高,profess
教高,proliferate
教高,prop
教高,prophecy
教高,proponent
教高,proprietary
教高,prosper
教高,protestant
教高,protocol
教高,proverb
教高,provisional
教高,prudent
教高,pry
教高,puddle
教高,puff
教高,pulp
教高,puppet
教高,puppy
教高,purge
教高,pursuit
教高,pyramid
教高,quaint
教高,quarry
教高,quay
教高,quell
教高,query
教高,quid
教高,quilt
教高,racism
教高,raffle
教高,raft
教高,ragged
教高,rake
教高,ramp
教高,rampant
教高,ranch
教高,ranger
教高,ransom
教高,ratification
教高,ratify
教高,ration
教高,rattle
教高,ravage
教高,rave
教高,rebuff
教高,rebuke
教高,receptive
教高,recess
教高,rectangle
教高,redeem
教高,redundancy
教高,reed
教高,reef
教高,referendum
教高,rehabilitate
教高,rehabilitation
教高,reinstate
教高,reiterate
教高,relegate
教高,relics
教高,remit
教高,remorse
教高,renounce
教高,renovate
教高,renown
教高,repeal
教高,repercussion
教高,reprisal
教高,reptile
教高,residue
教高,resonance
教高,respiratory
教高,resumption
教高,retaliate
教高,retaliation
教高,retarded
教高,revere
教高,revision
教高,revitalize
教高,revoke
教高,rhetoric
教高,rhyme
教高,riddle
教高,rig
教高,righteous
教高,rinse
教高,ripple
教高,roam
教高,robe
教高,rogue
教高,rouge
教高,roundabout
教高,ruby
教高,ruffle
教高,rugby
教高,rumble
教高,rummage
教高,runway
教高,rustic
教高,rustle
教高,rut
教高,ruthless
教高,sag
教高,salient
教高,salmon
教高,salon
教高,saloon
教高,salvage
教高,sanctuary
教高,sandal
教高,sane
教高,sanitation
教高,sarcastic
教高,satire
教高,saucepan
教高,savour
教高,scant
教高,scarf
教高,scoff
教高,scoop
教高,scour
教高,scourge
教高,scowl
教高,screech
教高,scrutinize
教高,sect
教高,sediment
教高,seduce
教高,seethe
教高,seizure
教高,sentry
教高,separatist
教高,serene
教高,sermon
教高,shack
教高,shackle
教高,shampoo
教高,shawl
教高,shear
教高,shipyard
教高,shit
教高,shoddy
教高,shorthand
教高,shovel
教高,shred
教高,shrimp
教高,shrine
教高,shroud
教高,shudder
教高,shun
教高,sift
教高,simmer
教高,sinister
教高,siren
教高,sitting
教高,skyscraper
教高,slab
教高,slang
教高,slant
教高,slate
教高,slay
教高,slick
教高,sling
教高,slipper
教高,slit
教高,sluggish
教高,slur
教高,sly
教高,smack
教高,smear
教高,smog
教高,smolder
教高,smother
教高,snail
教高,snare
教高,snarl
教高,sneer
教高,sneeze
教高,snob
教高,snore
教高,snort
教高,sob
教高,sociable
教高,socket
教高,solicit
教高,solitude
教高,solvent
教高,somber
教高,sonar
教高,soothe
教高,souvenir
教高,spaghetti
教高,spatial
教高,spear
教高,spinach
教高,spotlight
教高,spout
教高,sprawl
教高,spreadsheet
教高,sprout
教高,spurt
教高,squadron
教高,squash
教高,squat
教高,squeak
教高,squid
教高,squirrel
教高,stagnant
教高,stagnate
教高,stalemate
教高,stammer
教高,stance
教高,starch
教高,stark
教高,stationery
教高,stature
教高,statute
教高,statutory
教高,stepfather
教高,stepmother
教高,sterling
教高,stew
教高,steward
教高,stewardess
教高,stifle
教高,stigma
教高,stimulant
教高,stink
教高,stipulate
教高,stockpile
教高,stool
教高,stout
教高,strait
教高,strangle
教高,strawberry
教高,strenuous
教高,strife
教高,stronghold
教高,stunt
教高,stylish
教高,sub
教高,subdue
教高,sublime
教高,subside
教高,subsidize
教高,subversion
教高,subvert
教高,succumb
教高,sullen
教高,sunburnt
教高,sunflower
教高,superfluous
教高,superstition
教高,surname
教高,surveillance
教高,suspense
教高,swarm
教高,swerve
教高,swirl
教高,syllable
教高,syndicate
教高,synonym
教高,tacit
教高,tact
教高,tactic
教高,taint
教高,tangible
教高,tar
教高,tart
教高,tavern
教高,teem
教高,televise
教高,temperate
教高,tenet
教高,tenure
教高,tertiary
教高,thatch
教高,thaw
教高,theatrical
教高,thrash
教高,thrift
教高,throb
教高,throng
教高,thump
教高,tinge
教高,tingle
教高,tiresome
教高,toad
教高,toil
教高,tomb
教高,topical
教高,topple
教高,torment
教高,tornado
教高,torrent
教高,tortoise
教高,tournament
教高,tram
教高,tramp
教高,trample
教高,tranquil
教高,transcript
教高,transfusion
教高,transmitter
教高,treachery
教高,tread
教高,treason
教高,treasury
教高,trek
教高,trickle
教高,trolley
教高,trophy
教高,tropic
教高,trot
教高,trudge
教高,trustee
教高,tsunami
教高,tulip
教高,tumour
教高,turbine
教高,turkey
教高,turmoil
教高,turtle
教高,twig
教高,twilight
教高,twitch
教高,typhoon
教高,tyranny
教高,ultimatum
教高,ultra
教高,unconstitutional
教高,undercover
教高,underlie
教高,underwear
教高,undress
教高,unitary
教高,unleash
教高,uprising
教高,uproar
教高,uproot
教高,uranium
教高,urine
教高,usher
教高,utensil
教高,valuation
教高,vanity
教高,variant
教高,varnish
教高,vase
教高,vault
教高,vendor
教高,vengeance
教高,vest
教高,viable
教高,vile
教高,villain
教高,vogue
教高,void
教高,volatile
教高,volley
教高,vomit
教高,wade
教高,wag
教高,wail
教高,walnut
教高,warden
教高,ware
教高,warp
教高,warranty
教高,warrior
教高,wary
教高,watershed
教高,waver
教高,wayward
教高,wharf
教高,whereabouts
教高,wherein
教高,whisk
教高,whisky
教高,wholesome
教高,wield
教高,wig
教高,willow
教高,wink
教高,witch
教高,withdrawal
教高,wither
教高,wizard
教高,woe
教高,wrath
教高,wreath
教高,wrestle
教高,wring
教高,yarn
教高,yearn
教高,yolk
教高,zeal
教高,zebra
教高,zip
教高,zipper
教高,zoom
