小学,a/an
初中,abandon
初中,ability
初中,able
高考,abnormal
高中,aboard
高考,abolish
高考,abortion
小学,about
小学,above
初中,abroad
高考,abrupt
高中,absence
高中,absent
高中,absolute
高中,absorb
高中,abstract
高考,absurd
高考,abundant
高考,abuse
高中,academic
高考,academy
高考,accelerate
高考,accent
初中,accept
初中,access
高考,accessible
初中,accident
高中,accommodation
高中,accompany
高考,accomplish
初中,according(-to)
初中,account
高中,accountant
高考,accumulate
高中,accuracy
初中,accurate
高中,accuse
高考,accustomed
高中,ache
初中,achieve
高考,achievement
高中,acid
高中,acknowledge
高考,acquaintance
高中,acquire
高考,acquisition
高考,acre
小学,across
小学,act
高考,action
高中,active
初中,activity
高中,actor
高中,actress
初中,actual
高考,acute
高中,adapt
高考,adaptation
初中,add
高考,addicted
高中,addition
高中,address
高中,adequate
高中,adjective
高中,adjust
高考,adjustment
初中,administration
高考,admirable
初中,admire
高中,admission
初中,admit
高考,adolescence
高考,adolescent
初中,adopt
高考,adore
初中,adult
高中,advance
初中,advantage
高中,adventure
高中,adverb
高考,advertise
初中,advertisement/ad
初中,advice
高中,advise
高中,advocate
初中,affair
初中,affect
高考,affection
初中,afford
小学,afraid
小学,after
小学,afternoon
初中,afterward(s)
小学,again
初中,against
初中,age
高中,agency
高中,agenda
初中,agent
高中,aggressive
初中,ago
初中,agree
高考,agreement
高考,agricultural
高中,agriculture
初中,ahead
初中,aid
初中,aim
小学,air
高中,air-conditioned
初中,aircraft
初中,airline
高中,airmail
高中,airplane/aeroplane
初中,airport
高考,airspace
初中,alarm
高中,album
初中,alcohol
高考,alcoholic
高中,alert
高考,algebra
高中,alike
初中,alive
小学,all
高考,allergic
高考,alley
高中,alliance
高考,allocate
初中,allow
高中,allowance
初中,almost
初中,alone
小学,along
高考,alongside
高中,aloud
高中,alphabet
初中,already
初中,also
高中,alter
初中,alternative
初中,although/though
高考,altitude
高中,altogether
高考,alumin(i)um
高中,alumnus
小学,always
高中,amateur
初中,amaze
高考,amazing
高考,ambassador
高考,ambassadress
高考,ambiguous
初中,ambition
高中,ambitious
高中,ambulance
初中,among
初中,amount
高考,ample
初中,amuse
高考,amusement
高考,analysis
初中,analyze/-yse
高中,ancestor
高考,anchor
初中,ancient
小学,and
高考,anecdote
高中,anger
初中,angle
小学,angry
小学,animal
高中,ankle
高中,anniversary
初中,announce
初中,annoy
高中,annual
初中,another
小学,answer
高中,ant
高考,antique
高考,anxiety
初中,anxious
小学,any
初中,anybody/=anyone
高中,anymore
初中,anything
初中,anyway/=anyhow
初中,anywhere
高中,apart
初中,apartment
高中,ape
初中,apologize
高中,apology
高中,apparent
初中,apparently
初中,appeal
初中,appear
高中,appearance
高考,appendix
高中,appetite
高考,applaud
高中,applause
小学,apple
高中,applicant
高考,application
初中,apply
初中,appoint
高考,appointment
初中,appreciate
高考,appreciation
初中,approach
初中,appropriate
高中,approval
初中,approve
高中,approximately
小学,April/Apr.
高考,apron
高考,arbitrary
高中,arcade
高考,arch
初中,architect
高中,architecture
初中,area
初中,argue
高考,argument
高中,arise
高中,arithmetic
初中,arm
高考,armchair
初中,army
初中,around
高中,arouse
初中,arrange
高考,arrangement
初中,arrest
高中,arrival
初中,arrive
高考,arrow
小学,art
初中,article
初中,artificial
高中,artist
高中,artistic
初中,as
高中,ash
初中,ashamed
初中,aside
小学,ask
小学,asleep
初中,aspect
高中,aspirin
高中,assemble
高中,assess
高考,assessment
高中,assignment
高考,assist
高中,assistance
初中,assistant
高考,associate
初中,association
初中,assume
高考,assumption
高中,assure
初中,astonish
高中,astronaut
高考,astronomer
高考,astronomy
小学,at
高中,athlete
高考,athletic
初中,atmosphere
高考,atom
高中,atomic
初中,attach
初中,attack
高考,attain
初中,attempt
初中,attend
高中,attention
初中,attitude
高中,attract
高考,attraction
初中,attractive
高中,auction
初中,audience
高中,auditorium
小学,August/Aug.
小学,aunt
高考,authentic
初中,author
初中,authority
高中,auto
初中,automatic
高考,autonomous
小学,autumn
初中,available
高考,avenue
初中,average
初中,avoid
高中,awake
初中,award
初中,aware
小学,away
高考,awesome
初中,awful
高中,awkward
高中,ax(e)
小学,baby
高考,bachelor
小学,back
初中,background
高中,backward(s)
初中,bacon
高中,bacteria
高考,bacterium
小学,bad
高中,badminton
小学,bag
高中,baggage
初中,bake
高中,bakery
初中,balance
高中,balcony
小学,ball
高中,ballet
高中,balloon
高中,bamboo
初中,ban
小学,banana
初中,band
高考,bandage
初中,bank
高中,banquet
初中,bar
高中,barbecue(BBQ)
高中,barber
高考,barbershop
高中,bare
高中,bargain
高中,bark
高中,barrel
高考,barrier
初中,base
初中,baseball
高考,basement
高中,basic
高中,basin
高考,basis
初中,basket
小学,basketball
小学,bat
小学,bath
高中,bathe
高考,bathroom
高考,bathtub
高中,battery
初中,battle
高中,bay
小学,be(am/is/are/was/were/being/been)
小学,beach
高中,bead
小学,bean
高考,bean-curd
小学,bear
高考,beard
高中,beast
初中,beat
小学,beautiful
高中,beauty
小学,because
小学,become
小学,bed
高考,beddings
高中,bedroom
高中,bee
高中,beef
小学,beer
小学,before
高中,beforehand
高中,beg
小学,begin
高中,behalf
初中,behave
高中,behavio(u)r
小学,behind
高中,belief
初中,believe
小学,bell
高考,belly
初中,belong
初中,below
初中,belt
高中,bench
初中,bend
初中,beneath
高考,beneficial
初中,benefit
高考,bent
高中,berry
小学,beside
初中,besides
初中,bet
高考,betray
小学,between
初中,beyond
高中,bib
高中,Bible
小学,bicycle/bike
高考,bid
小学,big
初中,bill
高中,billion
高考,billionth
高中,bin
高考,bingo
高考,biochemistry
高考,biography
高中,biology
小学,bird
高中,birth
小学,birthday
高考,birthplace
小学,biscuit
高中,bishop
初中,bit
初中,bite
初中,bitter
小学,black
高考,blackboard
初中,blame
初中,blank
高中,blanket
高中,bleed
高中,bless
初中,blind
初中,block
初中,blood
高中,blossom
高中,blouse
小学,blow
小学,blue
初中,board
高中,boast
小学,boat
小学,bobby
小学,body
初中,boil
高中,bold
初中,bomb
高考,bond
小学,bone
高中,bonus
小学,book
高中,booklet
高中,boom
初中,boot
高考,booth
初中,border
初中,bore
高考,bored
高考,boring
高考,born
小学,borrow
初中,boss
高考,botanical
高考,botany
小学,both
初中,bother
小学,bottle
初中,bottom
高中,bounce
高中,bound
高中,boundary
高中,bow
高中,bowel(s)
小学,bowl
高考,bowling
小学,box
高中,boxing
小学,boy
高考,boycott
初中,brain
高考,brake
初中,branch
高中,brand
高中,brass
小学,brave
高考,bravery
小学,bread
小学,break
小学,breakfast
高考,breakthrough
高中,breast
初中,breath
高中,breathe
高考,breathless
高中,breed
高中,breeze
高考,brewery
初中,brick
高中,bride
高中,bridegroom
高中,bridesmaid
高中,bridesman
初中,bridge
初中,brief
高中,brigade
小学,bright
初中,brilliant
初中,bring
初中,broad
初中,broadcast
高考,brochure
高考,broken
高考,broom
小学,brother
小学,brown
高考,brunch
小学,brush
高中,bubble
高中,bucket
高考,Buddhism
初中,budget
高考,buffet
高中,bug
初中,build
高中,building
高中,bulb
高中,bull
高中,bullet
高中,bump
高中,bunch
高考,bungalow
高中,burden
高中,bureau
高考,bureaucratic
高考,burglar
初中,burn
初中,burst
高中,bury
小学,bus
高中,bush
初中,business
高考,businessman/woman
小学,busy
小学,but
高中,butcher
小学,butter
小学,butterfly
初中,button
小学,buy
小学,by
高考,cab
初中,cabbage
高中,cabin
高中,cabinet
初中,cable
高中,cafe
高考,cafeteria
高中,cage
小学,cake
初中,calculate
高中,calculator
高中,calendar
小学,call
初中,calm
高中,camel
小学,camera
初中,camp
初中,campaign
小学,can
高中,canal
初中,cancel
高中,cancer
初中,candidate
小学,candle
高中,candy
高中,cane
高中,canteen
小学,cap
初中,capable
初中,capacity
初中,capital
高考,capsule
初中,captain
高考,caption
初中,capture
小学,car
高考,carbon
小学,card
高中,care
初中,career
初中,careful
高考,careless
高中,cargo
高考,carpenter
初中,carpet
高中,carriage
高考,carrier
高中,carrot
初中,carry
高中,cart
初中,cartoon
高中,carve
初中,case
初中,cash
高中,cassette
初中,cast
初中,castle
初中,casual
高中,casualty
小学,cat
高中,catalog(ue)
高考,catastrophe
小学,catch
高中,category
高考,cater
高考,Catholic
高中,cattle
初中,cause
高中,caution
高考,cautious
初中,cave
高中,cease
初中,ceiling
初中,celebrate
高考,celebration
初中,cell
初中,cent
初中,center/-tre
高考,centigrade
高中,centimeter/-tre
高中,central
初中,century
初中,ceremony
初中,certain
高中,certainty
高中,certificate
初中,chain
小学,chair
高中,chairman/woman
高中,chairperson
小学,chalk
初中,challenge
高考,challenging
高中,chamber
高中,champion
初中,championship
初中,chance
初中,change
高考,changeable
小学,channel
高考,chant
高考,chaos
初中,chapter
初中,character
高中,characteristic
初中,charge
初中,charity
高中,charm
初中,chart
初中,chase
高中,chat
小学,cheap
高中,cheat
初中,check/cheque
高中,checklist
初中,cheek
初中,cheer
高考,cheerful
高考,cheers
初中,cheese
高考,chef
初中,chemical
高中,chemist
初中,chemistry
高中,chess
初中,chest
高考,chew
小学,chicken
初中,chief
小学,child
高中,childhood
高中,chin
小学,chip
小学,chocolate
初中,choice
高考,choir
高考,choke
初中,choose
高中,chopstick(s)
高考,chorus
高中,Christian
小学,Christmas
初中,church
高中,cigar
初中,cigarette/cigaret
小学,cinema
小学,circle
初中,circuit
高中,circular
高考,circulate
初中,circumstance
高考,circus
初中,citizen
小学,city
高中,civil
高考,civilian
高中,civilization
初中,claim
高中,clap
高考,clarify
小学,class
高中,classic
初中,classical
高考,classify
高中,classmate
高中,classroom
高中,clause
高考,claw
高中,clay
小学,clean
高考,cleaner
初中,clear
高中,clerk
小学,clever
高中,click
初中,client
初中,climate
小学,climb
高中,clinic
小学,clock
高中,clone
小学,close
高中,closet
高中,cloth
小学,clothes
高中,clothing
小学,cloud
小学,cloudy
初中,club
高中,clue
高中,clumsy
初中,coach
初中,coal
初中,coast
小学,coat
高中,cock
高考,cocoa
初中,code
小学,coffee
初中,coin
高考,coincidence
高中,coke
小学,cold
初中,collapse
高中,collar
初中,colleague
初中,collect
高考,collection
初中,college
高考,collision
小学,colo(u)r
初中,column
高中,comb
初中,combine
小学,come
高中,comedy
高中,comfort
初中,comfortable
高中,comic
初中,command
初中,comment
高中,commerce
初中,commercial
初中,commission
初中,commit
高考,commitment
初中,committee
初中,common
初中,communicate
高考,communication
高考,communism
高考,communist
初中,community
高中,companion
初中,company
初中,compare
高中,comparison
高中,compass
高考,compensate
高中,compete
高考,competence
初中,competition
高中,competitive
初中,complain
高中,complaint
初中,complete
初中,complex
初中,complicated
初中,component
高中,compose
初中,composition
高中,compound
高考,comprehension
高中,comprehensive
高考,compromise
高中,compulsory
小学,computer
高中,conceal
初中,concentrate
高中,concept
初中,concern
初中,concert
高中,conclude
初中,conclusion
初中,concrete
高中,condemn
初中,condition
初中,conduct
高考,conductor
初中,conference
高中,confess
高中,confidence
初中,confident
高考,confidential
初中,confirm
初中,conflict
初中,confuse
高中,congratulate
初中,congratulation
高中,congress
初中,connect
高考,connection
高考,conscience
初中,conscious
高考,consensus
初中,consequence
高考,conservation
高考,conservative
初中,consider
高考,considerate
高考,consideration
初中,consist
高考,consistent
初中,constant
高考,constitution
初中,construct
高中,construction
初中,consult
高中,consultant
高考,consume
初中,consumer
初中,contact
初中,contain
高考,container
高中,contemporary
高中,contempt
初中,content
初中,contest
高中,context
初中,continent
初中,continue
高中,continuous
初中,contract
高考,contradict
高考,contradictory
高中,contrary
初中,contrast
初中,contribute
高中,contribution
初中,control
高考,controversial
高考,convenience
初中,convenient
初中,convention
高考,conventional
初中,conversation
初中,convert
高考,convey
初中,convince
小学,cook
高考,cooker
高中,cookery
高考,cookie
小学,cool
高中,cooperate
高中,cope
高中,copper
小学,copy
高中,cord
小学,corn
初中,corner
高中,corporation
小学,correct
高考,correction
高考,correspond
高中,correspondent
高中,corridor
高考,corrupt
初中,cosmetic(s)
高中,cosmic
初中,cost
初中,cottage
初中,cotton
高中,couch
初中,cough
高考,could
初中,council
小学,count
初中,counter
初中,country
高中,countryside
初中,county
初中,couple
初中,courage
初中,course
初中,court
高考,courtyard
小学,cousin
初中,cover
小学,cow
高考,cozy/-sy
初中,crack
初中,craft
初中,crash
高中,crawl
高考,crayon
初中,crazy
初中,cream
初中,create
高中,creative
初中,creature
初中,credit
初中,crew
高中,cricket
初中,crime
高中,criminal
高中,cripple
初中,crisis
高考,criterion
高中,critical
初中,criticize
初中,crop
小学,cross
高考,crossing
高考,crossroads
初中,crowd
高中,crown
高中,crucial
初中,cruel
小学,cry
高中,crystal
高考,cube
高考,cubic
高考,cuisine
高中,cultivate
初中,culture
小学,cup
初中,cupboard
初中,cure
高中,curiosity
初中,curious
高中,curl
初中,currency
初中,current
高中,curriculum
初中,curtain
高中,curve
初中,cushion
高中,custom
初中,customer
高考,customs
小学,cut
高中,cute
初中,cycle
高考,cyclist
小学,dad(dy)
初中,daily
高中,dairy
高考,dam
初中,damage
高中,damn
高中,damp
小学,dance
高中,danger
小学,dangerous
初中,dare
小学,dark
高考,darkness
高中,darling
高中,dash
初中,data
高考,database
小学,date
小学,daughter
高中,dawn
小学,day
高中,dead
高考,deadline
高中,deaf
初中,deal
小学,dear
初中,death
初中,debate
初中,debt
初中,decade
高中,deceive
小学,December/Dec.
初中,decide
高中,decision
高中,deck
初中,declare
高中,decline
高中,decode
初中,decorate
高考,decoration
高中,decrease
高中,deed
小学,deep
高中,deer
初中,defeat
初中,defend
高考,defense/-ce
高中,define
初中,definite
高中,deforestation
初中,degree
初中,delay
高考,delete
初中,deliberate
高考,deliberately
高中,delicate
高中,delicious
高中,delight
高考,delighted
初中,deliver
高中,delivery
初中,demand
高中,democracy
初中,demonstration
高中,dense
高中,dentist
初中,deny
高中,depart
初中,department(Dept.)
初中,departure
初中,depend
高中,dependent
初中,deposit
高中,depress
初中,depth
初中,describe
高考,description
初中,desert
初中,deserve
初中,design
初中,desire
小学,desk
高中,desktop
初中,desperate
高中,despite
高考,dessert
高中,destination
初中,destroy
初中,destruction
初中,detail
初中,detective
高中,determination
高考,determine
初中,determined
初中,develop
高考,development
初中,device
高中,devote
高考,devotion
高中,diagram
高中,dial
小学,dialog(ue)
高中,diamond
高中,diary
高中,dictation
初中,dictionary
初中,die
初中,diet
高考,differ
高中,difference
小学,different
小学,difficult
高中,difficulty
小学,dig
高中,digest
高考,digital
高中,digitize
高中,dignity
高考,dilemma
高中,diligence
高中,dim
高考,dimension
高中,dine
小学,dinner
高考,dinosaur
高考,dioxide
高中,dip
高中,diploma
高中,direct
初中,direction
高考,director
高考,directory
高中,dirt
小学,dirty
高考,disability
高考,disabled
高中,disadvantage
高考,disagree
高考,disagreement
高中,disappear
初中,disappoint
高考,disappointed
初中,disaster
高中,discard
初中,discipline
高中,discount
高考,discourage
初中,discover
高考,discovery
高考,discrimination
初中,discuss
高考,discussion
初中,disease
高考,disgusting
小学,dish
初中,disk/disc
高考,dislike
初中,dismiss
高中,disorder
初中,display
高中,dissolve
初中,distance
高中,distant
高考,distinction
高中,distinguish
高考,distribute
初中,district
初中,disturb
高考,disturbing
高中,dive
高考,diverse
初中,divide
高中,division
高中,divorce
高考,dizzy
小学,do
小学,doctor/Dr
初中,document
小学,dog
小学,doll
初中,dollar
高中,dolphin
初中,domestic
初中,dominate
高考,donate
高中,donkey
高中,donor
小学,door
高中,dormitory(dorm)
高中,dot
初中,double
初中,doubt
小学,down
高考,download
初中,downstairs
高中,downtown
高中,downward(s)
初中,dozen
高中,draft
初中,drag
高中,dragon
初中,drama
高中,dramatic
小学,draw
高考,drawback
初中,drawer
高中,drawing
高中,dread
初中,dream
小学,dress
高中,drift
高中,drill
小学,drink
小学,drive
高考,driver
初中,drop
高中,drown
初中,drug
小学,drum
高中,drunk
小学,dry
小学,duck
初中,due
初中,dull
高中,dumpling
初中,during
高考,dusk
初中,dust
高中,dustbin
高考,dusty
初中,duty
高中,dwelling
高中,dye
高考,dynamic
高考,dynasty
初中,each
初中,eager
高考,eagle
小学,ear
小学,early
初中,earn
高中,earnest
初中,earth
高中,earthquake
高中,ease
小学,east
高考,Easter
高中,eastern
小学,easy
小学,eat
高考,ecology
高中,economic
初中,economy
高中,ecosystem
初中,edge
高中,edition
高考,editor
高中,educate
初中,education
高考,educator
初中,effect
高中,effective
高中,efficiency
初中,efficient
初中,effort
小学,egg
高考,eggplant
小学,eight
高考,eighteen
高考,eighteenth
高考,eighth
高考,eightieth
高考,eighty
初中,either
高中,elder
初中,elderly
初中,elect
初中,electric(al)
高中,electricity
初中,electronic
高考,elegant
初中,element
高中,elephant
高中,elevator
小学,eleven
高考,eleventh
初中,else
初中,elsewhere
初中,email/e-mail
高中,embarrass
高考,embassy
初中,emerge
初中,emergency
初中,emotion
高考,emperor
初中,emphasis
高中,emphasize
高中,empire
初中,employ
高中,employee
小学,empty
初中,enable
高中,enclose
高中,encounter
初中,encourage
高考,encouragement
初中,end
高考,ending
高考,endless
高中,endure
初中,enemy
高中,energetic
初中,energy
初中,engage
初中,engine
小学,engineer
高中,engineering
高中,enhance
小学,enjoy
高中,enjoyable
高考,enlarge
高中,enormous
初中,enough
高考,enquiry
初中,ensure
初中,enter
初中,enterprise
初中,entertainment
初中,enthusiasm
高考,enthusiastic
初中,entire
高中,entitle
初中,entrance
初中,entry
初中,envelope
初中,environment
高中,envy
初中,equal
高考,equality
高中,equip
初中,equipment
初中,equivalent
高中,era
高中,erase
高考,eraser
初中,error
高考,erupt
高中,escalator
初中,escape
初中,especially
高中,essay
初中,essential
初中,establish
初中,estate
初中,estimate
高中,etc.
高考,evaluate
高中,eve
初中,even
小学,evening
初中,event
初中,eventually
初中,ever
小学,every
初中,everybody/everyone
初中,everyday
高考,everyone
初中,everything
初中,everywhere
初中,evidence
高考,evident
高中,evil
高中,evolution
初中,exact
高考,exam/examination
高中,examination
初中,examine
初中,example
初中,excellent
初中,except
高中,exception
初中,exchange
高中,excite
初中,exciting
高中,exclude
初中,excuse
高中,execute
小学,exercise
高中,exhaust
初中,exhibition
高中,exhilarate/exhilarating
初中,exist
高中,existence
高中,exit
初中,expand
初中,expect
高考,expectation
高中,expense
初中,expensive
初中,experience
初中,experiment
初中,expert
初中,explain
高中,explanation
高考,explicit
高考,explode
初中,explore
初中,export
高中,expose
高中,exposure
初中,express
高中,expression
初中,extend
高考,extension
初中,extent
高中,external
初中,extra
初中,extraordinary
初中,extreme
小学,eye
高考,eyesight
高中,fable
小学,face
高考,facial
高中,facility
初中,fact
初中,factor
初中,factory
高中,fade
初中,fail
高中,failure
高中,faint
初中,fair
初中,faith
小学,fall/autumn
小学,false/
高中,fame
初中,familiar
小学,family
初中,famous
小学,fan
高考,fancy
高考,fantastic
高考,fantasy
小学,far
初中,fare
高中,farewell
小学,farm
高考,farmer
高中,farther
初中,fascinate/fascinating
初中,fashion
高中,fashionable
小学,fast
初中,fasten
小学,fat
高中,fatal
高中,fate
小学,father
初中,fault
初中,favo(u)r
小学,favo(u)rite
高中,fax
初中,fear
高中,feast
初中,feather
初中,feature
小学,February/Feb.
高考,federal
初中,fee
小学,feed
小学,feel
高中,feeling
初中,fellow
初中,female
初中,fence
高考,ferry
高中,fertilizer
初中,festival
初中,fetch
初中,fever
初中,few
高考,fiber/-bre
高中,fiction
初中,field
初中,fierce
高考,fifteen
高考,fifteenth
高考,fifth
高考,fiftieth
高考,fifty
初中,fight
初中,figure
初中,file
初中,fill
小学,film
高中,final
初中,finally
高中,finance
初中,financial
小学,find
小学,fine
小学,finger
高考,fingernail
初中,finish
小学,fire
高中,firework
高考,fireworks
初中,firm
小学,first
小学,fish
高中,fisherman/fishermen
高考,fist
初中,fit
小学,five
初中,fix
小学,flag
高中,flame
初中,flash
高考,flashlight
初中,flat
高中,flavo(u)r
高考,flee
高中,fleet
高考,flesh
高中,flexible
初中,flight
初中,float
初中,flood
小学,floor
高中,flour
初中,flow
小学,flower
高中,flu
高考,fluency
高中,fluent
小学,fly
高中,focus
高中,fog
高考,foggy
小学,fold
初中,folk
小学,follow
高中,following
初中,fond
小学,food
初中,fool
高中,foolish
小学,foot
小学,football
小学,for
高中,forbid
初中,force
初中,forecast
高中,forehead
初中,foreign
高考,foreigner
高考,foresee
初中,forest
高中,forever
初中,forget
高考,forgetful
初中,forgive
高中,fork
初中,form
高中,formal
高考,format
高中,formation
高中,former
高中,formula
高中,forth
高考,fortieth
高考,fortnight
高中,fortunate
初中,fortune
高中,forty
初中,forward
高中,foster
初中,found
高中,foundation
高考,fountain
小学,four
高考,fourteen
高考,fourteenth
高考,fourth
小学,fox
高中,fraction
高中,fragile
高考,fragrant
初中,frame
高中,framework
高考,franc
高中,frank
小学,free
高中,freedom
高考,freeway
初中,freeze
高考,freezing
初中,frequent
初中,fresh
高考,friction
小学,Friday/Fri.
小学,fridge
小学,friend
高中,friendly
高考,friendship
初中,frighten
高中,frog
小学,from
小学,front
高考,frontier
高考,frost
小学,fruit
初中,fry
初中,fuel
高中,fulfil(l)
小学,full
初中,fun
初中,function
初中,fund
初中,fundamental
高考,funeral
小学,funny
高中,fur
高考,furnished
初中,furniture
高中,further
高中,furthermore
初中,future
初中,gain
初中,gallery
高考,gallon
高中,gamble
小学,game
高中,gang
高中,gangster
初中,gap
初中,garage
高中,garbage
小学,garden
高考,garlic
高考,garment
初中,gas
初中,gate
初中,gather
初中,gay
高中,gaze
高中,gender
高中,gene
初中,general
初中,generation
初中,generous
高中,genius
初中,gentle
高考,gentleman
高中,genuine
高中,geography
高考,geometry
高中,germ
初中,gesture
小学,get
高中,ghost
高中,giant
小学,gift
高考,gifted
高考,giraffe
小学,girl
小学,give
小学,glad
初中,glance
高考,glare
小学,glass
高中,glide
初中,global
高考,globe
高中,glorious
高考,glory
高中,glove
小学,glue
小学,go
初中,goal
高中,goat
初中,god
初中,gold
高中,golden
初中,golf
小学,good
小学,goodby(e)/bye
初中,goods
高中,goose
高中,govern
初中,government
高中,grab
高中,grace
小学,grade
高考,gradual
初中,gradually
初中,graduate
高考,graduation
初中,grain
高考,gram
高中,grammar
初中,grand
高中,grandchild
高考,granddaughter
高考,grandfather/grandpa
高考,grandmother/grandma/granny
高考,grandparents
高中,grandson
高中,grant
高考,grape
高考,graph
高中,grasp
小学,grass
初中,grateful
高中,gratitude
高中,grave
高中,gravity
小学,gray/grey
小学,great
高中,greedy
小学,green
高考,greengrocer
初中,greet
高考,greeting
高考,grill
高考,grocer
高考,grocery
初中,ground
小学,group
初中,grow
高考,growth
初中,guarantee
初中,guard
小学,guess
初中,guest
高考,guidance
初中,guide
初中,guilty
小学,guitar
高中,gulf
小学,gun
高中,gymnasium/gym
高考,gymnastics
初中,habit
高中,hack
小学,hair
高考,haircut
高中,hairdryer
小学,half
小学,hall
高考,ham
高中,hamburger
高中,hammer
小学,hand
高中,handbag
高考,handful
高中,handkerchief
初中,handle
高中,handsome
高考,handwriting
高考,handy
初中,hang
初中,happen
高考,happiness
小学,happy
初中,harbo(u)r
小学,hard
初中,hardly
高中,hardship
高考,hardworking
初中,harm
高中,harmful
高中,harmony
高中,harsh
高中,harvest
高中,haste
小学,hat
高中,hatch
初中,hate
高中,hatred
小学,have(/has)
高中,hawk
小学,he
小学,head
高中,headache
高中,headline
高中,headmaster
高考,headmistress
高中,headphone
高中,headquarters
高中,heal
初中,health
高中,healthy
小学,hear
高中,hearing
高考,heart
初中,heat
初中,heaven
小学,heavy
高考,heel
初中,height
高中,helicopter
初中,hell
小学,hello
高中,helmet
小学,help
高考,helpful
高中,hen
小学,her
高考,herb
小学,here
高中,hero
小学,hers
初中,herself
初中,hesitate
小学,hi
小学,hide
小学,high
高中,high-tech
高中,highway
小学,hill
小学,him
初中,himself
高中,hint
初中,hire
小学,his
高中,historian
高中,historical
初中,history
初中,hit
高考,hobby
初中,hold
初中,hole
初中,holiday
高中,hollow
高中,holography
高中,holy
小学,home
高中,homeland
高中,homesick
高考,hometown
高考,homework
初中,honest
高考,honey
高中,honeymoon
初中,hono(u)r
高中,hook
初中,hope
高考,hopeful
高考,hopeless
高中,horizon
高中,horn
初中,horrible
高中,horror
小学,horse
小学,hospital
初中,host
高中,hostage
高中,hostess
小学,hot
高考,hotdog
初中,hotel
初中,hour
小学,house
初中,household
高中,housewife
高中,housework
小学,how
初中,however
高考,howl
高考,hug
初中,huge
初中,human
高考,human-being
初中,humo(u)r
高考,humorous
小学,hundred
高考,hundredth
高中,hunger
小学,hungry
初中,hunt
高考,hunter
高中,hurricane
小学,hurry
初中,hurt
初中,husband
高中,hut
高中,hydrogen
小学,I
小学,ice
高中,iceberg
小学,ice-cream
小学,idea
高中,ideal
高考,identification
初中,identify
高考,identity
高中,idiom
初中,if
初中,ignore
初中,ill
初中,illegal
高考,illness
初中,illustrate
初中,image
高中,imaginary
初中,imagine
高中,imitate
初中,immediately
高中,immigrate
高考,immigration
初中,impact
高中,implement
初中,imply
初中,import
高考,importance
初中,important
高中,impose
高考,impossible
初中,impress
高中,impression
小学,improve
小学,in
初中,inch
初中,incident
初中,include
初中,income
初中,increase
初中,indeed
高考,independence
初中,independent
高中,index
初中,indicate
初中,individual
初中,indoor
高中,induce
高中,industrial
初中,industry
初中,inevitable
高中,infect
初中,infection
高中,inferior
初中,influence
高中,inform
初中,informal
初中,information
高中,infrared
初中,ingredient
高中,inherit
初中,initial
高中,initiative
高中,injection
初中,injure
高中,injury
小学,ink
高中,inn
初中,inner
初中,innocent
高中,input
高中,inquire
初中,inquiry
高考,insect
高中,insert
初中,inside
初中,insist
高中,inspect
高中,inspire
初中,install
初中,instance
高中,instant
初中,instead
高中,institute
初中,institution
高考,instruct
初中,instruction
初中,instrument
高中,insult
初中,insurance
高考,insure
高中,intellectual
初中,intelligence
高中,intelligent
初中,intend
初中,intense
高中,intensive
高中,intention
初中,interest
小学,interesting
初中,internal
初中,international
高中,Internet/internet
高中,interpret
高考,interpreter
初中,interrupt
高中,interval
高中,intervention
初中,interview
初中,into
初中,introduce
高中,introduction
高中,invade
初中,invent
高中,invention
初中,invest
初中,investigate
高中,investigation
高中,investment
高中,invisible
高中,invitation
初中,invite
初中,involve
高中,involvement
初中,iron
高考,irrigation
初中,island
高中,isolate
初中,issue
小学,it
初中,item
小学,its
初中,itself
小学,jacket
小学,jam
小学,January/Jan.
高中,jar
高中,jaw
高中,jazz
高中,jealous
高中,jeans
高中,jeep
小学,jelly
高中,jet
高中,jewelry/jewel(l)ery
小学,job
高考,jog
初中,join
初中,joint
初中,joke
高中,journal
初中,journalist
初中,journey
初中,joy
高中,judg(e)ment
初中,judge
小学,juice
小学,July/Jul.
小学,jump
高中,junction
小学,June/Jun.
高考,jungle
初中,junior
初中,just
初中,justice
高中,justify
高考,kangaroo
高中,karaoke
初中,keen
初中,keep
高中,kettle
初中,key
高中,keyboard
初中,kick
初中,kid
高中,kidnap
初中,kill
小学,kilogram(me)/kilo
高考,kilometer/-tre
初中,kind
高中,kindergarten
高考,kindness
初中,king
高中,kingdom
初中,kiss
小学,kitchen
高考,kite
小学,knee
高中,kneel
小学,knife
高中,knit
小学,knock
高中,knot
小学,know
初中,knowledge
初中,label
高中,labo(u)r
初中,laboratory/lab
初中,lack
高中,lad
高中,ladder
小学,lady
小学,lake
高考,lamb
高考,lame
小学,lamp
初中,land
高中,landscape
高中,lane
初中,language
高考,lantern
高中,lap
小学,large
高中,laser
初中,last
小学,late
高中,lately
初中,later
高中,latter
小学,laugh
高考,laughter
初中,launch
高考,laundry
初中,law
高中,lawn
初中,lawyer
初中,lay
初中,layer
高中,lazy
初中,lead
高考,leader
高中,leadership
高中,leading
小学,leaf
高中,league
高中,leak
初中,lean
高中,leap
小学,learn
高中,learning
高中,lease
高考,least
初中,leather
初中,leave
初中,lecture
小学,left
小学,leg
初中,legal
高中,legislation
高中,leisure
高中,lemon
高中,lemonade
初中,lend
初中,length
高中,lens
小学,lesson
小学,let
小学,letter
初中,level
高考,liberation
高中,liberty
高考,librarian
小学,library
初中,license/-ce
高中,lid
初中,lie
初中,life
高中,lifetime
初中,lift
小学,light
高中,lightning
小学,like
初中,likely
初中,limit
高中,limited
初中,line
初中,link
高中,lion
初中,lip
高中,liquid
小学,list
小学,listen
高中,liter/-tre
高中,literary
初中,literature
高中,litter
小学,little
小学,live
高中,lively
高中,living
初中,load
高中,loaf
初中,loan
小学,local
小学,location
初中,lock
高中,log
高中,logic
初中,lonely
小学,long
小学,look
初中,loose
高中,lord
初中,lorry
初中,lose
初中,loss
小学,lot
小学,loud
高考,lounge
小学,love
高中,lovely
小学,low
高中,loyalty
初中,luck
高中,lucky
高中,luggage
高中,lump
小学,lunch
高考,lung
高中,luxury
高考,m(o)ustache
初中,machine
高中,machinery
初中,mad
高中,madam(e)
初中,magazine
高中,magic
高中,magician
高中,magnate
高中,magnet
高中,magnificent
高中,magnify
高中,maid
高中,maiden
初中,mail
高中,mailbox
初中,main
高考,mainland
初中,maintain
初中,major
高中,majority
小学,make
初中,male
小学,man
初中,manage
高中,management
高考,manager
高中,mania
高中,mankind
初中,manner
高中,manual
初中,manufacture
高中,manuscript
小学,many
小学,map
高考,maple
高中,marathon
高中,marble
高中,march
小学,March/Mar.
高中,margin
高中,marine
高中,marital
初中,mark
初中,market
高中,marriage
高中,marrow
初中,marry
高中,marsh
高中,marvelous
高中,mask
初中,mass
高中,master
高中,mastermind
高中,mat
小学,match
高中,mate
初中,material
小学,math(ematics)/maths
初中,matter
高中,mature
初中,maximum
小学,may
小学,May/May
初中,maybe
高中,mayor
小学,me
高中,meadow
初中,meal
初中,mean
高中,meaning
初中,means
高中,meanwhile
初中,measure
高中,measurement
小学,meat
高中,mechanical
高中,mechanism
高中,medal
高考,media
高中,medical
初中,medicine
初中,medium
小学,meet
高考,meeting
高中,melon
高中,melt
初中,member
高中,membership
高考,memorial
高中,memorize
初中,memory
高中,mend
初中,mental
初中,mention
高中,menu
高中,merchant
高考,merciful
高中,mercy
高中,mere
高考,merely
高中,merit
高中,merry
初中,mess
初中,message
高考,messy
初中,metal
初中,meter/-tre
初中,method
高中,metropolis
高中,microscope
高中,microwave
高中,mid
初中,middle
初中,midnight
高中,might
高中,mighty
高中,migrate
高中,mild
初中,mile
高中,milestone
初中,military
小学,milk
高中,mill
高考,millimeter/-tre
初中,million
高考,millionaire
高考,millionth
初中,mind
小学,mine
高考,mineral
高中,mini
高考,minibus
初中,minimum
初中,minister
高中,ministry
初中,minor
高中,minority
小学,minus
初中,minute
高中,miracle
小学,mirror
高中,miscellanea
高中,mischief
高中,miserable
小学,Miss
初中,miss
高考,missile
高中,missing
高中,mission
高中,mist
初中,mistake
高考,mistaken
小学,mister/Mr.
高考,mistress/Mrs.
高考,misunderstand
初中,mix
高中,mixture
高中,moan
高中,mob
高中,mobile
初中,model
高考,modem
高中,moderate
初中,modern
初中,modest
高中,modify
高中,moist
高中,mold
小学,mom(my)/mum(my)
初中,moment
小学,Monday/Mon.
小学,money
初中,monitor
高中,monk
高中,monkey
高中,monopoly
高中,monotone
高中,monster
小学,month
高中,monthly
高中,monument
初中,mood
小学,moon
高中,mop
高中,moped
初中,moral
高中,more
高中,moreover
初中,morning
高中,mortgage
高考,Moslem/=Muslim
高考,mosquito
高中,moss
初中,most
初中,mostly
小学,mother
高考,motherland
初中,motion
高考,motivation
初中,motor
高中,motorbike
高考,motorcycle
高考,motto
高中,mount
初中,mountain
高考,mountainous
高中,mourn
小学,mouse
小学,mouth
初中,move
高中,movement
初中,movie
高中,mow
高考,Ms.
小学,much
高中,mud
高考,muddy
高中,multiple
高考,multiply
初中,murder
高中,murmur
初中,muscle
初中,museum
高中,mushroom
小学,music
高中,musical
高中,musician
小学,must
高考,mustard
高中,mute
高中,mutton
高中,mutual
小学,my
初中,myself
高中,mysterious
初中,mystery
高中,myth
初中,nail
高中,naked
小学,name
高中,nap
高中,napkin
初中,narrow
高中,nasty
初中,nation
高中,national
高中,nationality
高考,nationwide
初中,native
高中,natural
初中,nature
高中,naughty
高中,navy
小学,near
初中,nearby
初中,nearly
初中,neat
初中,necessary
初中,neck
高中,necklace
小学,need
高中,needle
初中,negative
高中,neglect
高中,negotiate
高中,negotiation
高中,Negro
初中,neighbo(u)r
高中,neighbo(u)rhood
初中,neither
高中,nephew
高中,nerve
初中,nervous
高中,nest
小学,net
初中,network
高中,neutral
初中,never
高中,nevertheless
小学,new
小学,news
小学,newspaper
高中,newsreel
小学,next
小学,nice
高中,niece
小学,night
小学,nine
高考,nineteen
高考,nineteenth
高考,ninetieth
高考,ninety
高考,ninth
小学,no
高中,noble
初中,nobody
小学,nod
小学,noise
高中,noisy
高中,nominal
高中,nominate
初中,none
高中,nonsense
高中,nonstop
高中,noodle
高中,noon
初中,nor
初中,normal
小学,north
高考,northeast
高中,northern
高考,northwest
小学,nose
小学,not
初中,note
高考,notebook
初中,nothing
初中,notice
高中,notify
高中,notion
高中,noun
高中,nourish
初中,novel
高考,novelist
小学,November/Nov.
小学,now
高中,nowadays
初中,nowhere
高中,nuclear
高考,numb
小学,number/No.
高中,numeral
初中,numerous
小学,nurse
高中,nursery
初中,nut
高考,nutrition
高中,nylon
高中,oak
高中,oath
高中,obedience
高中,obedient
初中,obey
初中,object
高中,objective
初中,obligation
高中,obscure
初中,observe
初中,obtain
初中,obvious
初中,occasion
初中,occupation
初中,occupy
初中,occur
初中,ocean
高考,o'clock
小学,October/Oct.
初中,odd
高中,odds
小学,of
初中,off
初中,offence
高中,offend
初中,offer
小学,office
高考,officer
初中,official
高中,offish
高考,offshore
小学,often
高考,oh
初中,oil
高中,oilcan
高考,oilfield
高中,okay/O.K./OK
小学,old
高中,olive
高考,Olympic(s)
高中,omit
小学,on
初中,once
小学,one
初中,oneself
高中,onion
初中,only
初中,onto
小学,open
高考,opening
初中,opera
初中,operate
高考,operation
高考,operator
初中,opinion
初中,opponent
初中,opportunity
初中,oppose
初中,opposite
高中,oppress
高中,optic
高考,optimistic
高中,optimize
高中,option
高考,optional
小学,or
高中,oral
小学,orange
高中,orbit
初中,order
初中,ordinary
高中,organ
高考,organization/-sation
初中,organize/-ise
高中,orient
高中,origin
初中,original
高中,orphan
初中,other
初中,otherwise
初中,ought(-to)
高中,ounce
小学,our
小学,ours
初中,ourselves
小学,out
高中,outbid
初中,outcome
初中,outdoor
高考,outdoors
高中,outer
高考,outgoing
高考,outing
高中,outlet
初中,outline
高中,outlook
高考,output
初中,outside
高考,outspoken
初中,outstanding
高考,outward(s)
高考,oval
初中,oven
小学,over
高中,overall
高中,overboard
高中,overcast
高中,overcoat
初中,overcome
高中,overdo
高考,overhead
高中,overlook
高中,overnight
高中,overpass
高中,overseas
高中,overtake
高中,overthrow
高考,overweight
初中,owe
高中,owl
初中,own
高考,owner
高中,ownership
高中,ox
高中,oxygen
初中,pace
初中,pack
高中,package
初中,packet
高中,pad
高中,paddle
小学,page
初中,pain
高考,painful
小学,paint
高考,painter
高中,painting
小学,pair
高中,pajamas/pyjamas
初中,palace
初中,pale
高中,palm
高中,pamphlet
初中,pan
高考,pancake
小学,panda
高中,panic
高中,pant
小学,paper
高考,paperwork
高中,parade
初中,paragraph
高中,parallel
高中,parcel
高中,pardon
初中,parent
小学,park
高考,parking
初中,parliament
高中,parrot
初中,part
高中,participate
高中,participle
初中,particular
高考,partly
初中,partner
高考,part-time
小学,party
初中,pass
初中,passage
初中,passenger
高考,passerby/passer-by
初中,passion
高考,passive
初中,passport
高中,password
小学,past
高中,paste
高中,pat
高中,patent
初中,path
高考,patience
初中,patient
高中,patrol
初中,pattern
初中,pause
高中,pavement
初中,pay
高考,pea
初中,peace
高考,peaceful
小学,peach
高中,peacock
初中,peak
小学,pear
高中,pearl
高中,peculiar
高中,pedal
高考,pedestrian
高中,peel
高中,peep
高中,peer
小学,pen
初中,penalty
高考,pence
小学,pencil
初中,penny
高中,pension
小学,people
高中,pepper
初中,per
初中,percent
高中,percentage
初中,perfect
高中,perform
初中,performance
高考,performer
高中,perfume
初中,perhaps
初中,period
初中,permanent
高中,permission
初中,permit
高中,persevere
高中,persist
初中,person
高考,personal
高考,personally
高中,personnel
初中,persuade
高中,pest
小学,pet
初中,petrol
高中,phenomenon
高中,philosopher
小学,photo(graph)
高考,photographer
初中,phrase
初中,physical
高考,physician
高考,physicist
初中,physics
高中,pianist
初中,piano
小学,pick
小学,picnic
小学,picture
初中,pie
小学,piece
小学,pig
高中,pigeon
初中,pile
高中,pill
高中,pillar
高中,pillow
初中,pilot
初中,pin
高中,pine
小学,pineapple
高考,ping-pong
小学,pink
高考,pint
高考,pioneer
初中,pipe
初中,pitch
高中,pity
小学,pizza
小学,place
初中,plain
初中,plan
小学,plane
初中,planet
小学,plant
初中,plastic
小学,plate
初中,platform
小学,play
高中,playground
初中,pleasant
小学,please
高考,pleased
小学,pleasure
初中,plenty
初中,plot
高中,plug
高中,plunge
高中,plural
小学,plus
初中,pocket
初中,poem
初中,poet
高中,poetry
小学,point
高中,poison
高考,poisonous
初中,pole
初中,police
小学,policeman/woman
初中,policy
高中,polish
初中,polite
高考,political
高考,politician
初中,politics
高考,pollute
初中,pollution
高中,pond
高中,pony
小学,pool
初中,poor
高考,pop/popular
高考,popcorn
初中,popular
初中,population
高中,pork
高考,porridge
初中,port
高考,portable
高中,porter
高中,portion
高中,portrait
初中,position
初中,positive
高中,possess
初中,possession
高中,possibility
初中,possible
小学,post
高考,postage
高中,postcard
高考,postcode
高考,poster
高考,postman
高考,postpone
初中,pot
小学,potato
高考,potential
初中,pound
初中,pour
高中,poverty
高中,powder
初中,power
高考,powerful
高考,practical
初中,practice/-ise
初中,praise
高中,pray
高考,prayer
高中,precaution
高考,precious
初中,precise
初中,predict
高中,preface
初中,prefer
高考,preference
初中,pregnant
高中,prejudice
高考,premier
高中,premium
高中,preparation
初中,prepare
高中,preposition
高考,prescription
小学,present
高考,presentation
初中,preserve
初中,president
初中,press
高中,pressure
初中,pretend
初中,pretty
初中,prevent
高考,preview
初中,previous
高中,prey
初中,price
初中,pride
高中,priest
小学,primary
高中,prime
高考,primitive
初中,prince
高中,princess
初中,principal
初中,principle
初中,print
初中,priority
初中,prison
高考,prisoner
初中,private
高考,privilege
初中,prize
高中,probable
初中,probably
初中,problem
初中,procedure
初中,proceed
初中,process
初中,produce
初中,product
高考,production
初中,profession
高中,professor
初中,profit
初中,program(me)
初中,progress
高中,prohibit
初中,project
高中,prominent
初中,promise
初中,promote
高中,prompt
初中,pronounce
高中,pronunciation
初中,proof
初中,proper
高考,properly
初中,property
初中,proportion
高中,proposal
高中,propose
初中,prospect
高中,prosperous
初中,protect
高考,protection
初中,protein
初中,protest
初中,proud
初中,prove
高中,proverb
初中,provide
初中,province
高中,provision
高中,psychology
初中,pub
初中,public
初中,publish
高中,pudding
高中,puff
小学,pull
高中,pulse
初中,pump
高考,punctual
高考,punctuation
高中,puncture
初中,punish
高考,punishment
小学,pupil
初中,purchase
初中,pure
小学,purple
初中,purpose
高中,purse
小学,push
小学,put
高中,puzzle
高中,pyramid
高考,quake
高考,qualification
初中,qualify
初中,quality
初中,quantity
初中,quarrel
小学,quarter
初中,queen
高中,queer
小学,question
高考,questionnaire
高中,queue
小学,quick
小学,quiet
高中,quilt
高中,quit
初中,quite
高考,quiz
高中,quotation
高中,quote
小学,rabbit
初中,race
高考,racial
高中,radar
高考,radiation
小学,radio
高考,radioactive
高考,radium
高中,rag
高中,rail
初中,railroad/railway
小学,rain
高中,rainbow
高中,raincoat
高中,raindrop
高考,rainfall
小学,rainy
初中,raise
高考,random
初中,range
初中,rank
初中,rapid
初中,rare
高中,rat
初中,rate
初中,rather
初中,raw
高中,ray
高考,razor
初中,reach
初中,react
小学,read
高考,reading
小学,ready
初中,real
高考,reality
初中,realize/-ise
高考,really
高中,reap
初中,reason
高中,reasonable
高中,rebel
高考,rebuild
高中,recall
高中,receipt
初中,receive
高考,receiver
高中,recent
初中,recently
高中,reception
高考,receptionist
高考,recipe
高中,recite
初中,recognize/-ise
初中,recommend
初中,record
高考,recorder
初中,recover
高考,recreation
小学,rectangle
高中,recycle
小学,red
初中,reduce
高中,refer
高考,referee
初中,reference/ref
初中,reflect
初中,reform
高考,refresh
高中,refrigerator/fridge
高中,refusal
初中,refuse
初中,regard
高中,regarding
高考,regardless
初中,region
初中,register
初中,regret
初中,regular
高考,regulation
初中,reject
高中,rejoice
初中,relate
高中,relation
高考,relationship
初中,relative
初中,relax
高考,relay
初中,release
高考,relevant
高中,reliable
高中,relief
高中,relieve
高考,religion
初中,religious
高中,reluctant
初中,rely
初中,remain
高中,remark
初中,remarkable
高中,remedy
初中,remember
初中,remind
初中,remote
高中,removal
初中,remove
高中,renew
初中,rent
初中,repair
初中,repeat
初中,replace
初中,reply
初中,report
高考,reporter
初中,represent
高中,representative
初中,republic
初中,reputation
初中,request
初中,require
高考,requirement
初中,rescue
初中,research
高中,resemble
高考,reservation
初中,reserve
高中,reservoir
高中,residence
初中,resign
初中,resist
高中,resolution
高中,resolve
高中,resort
高中,resound
初中,resource
初中,respect
高中,respectfully
高中,respectively
高中,respond
初中,response
高中,responsibility
初中,responsible
初中,rest
小学,restaurant
初中,restore
初中,restrict
高考,restriction
初中,result
高中,retain
高考,retell
初中,retire
高中,retreat
初中,return
高中,reunion
初中,reveal
高中,reverse
初中,review
高中,revise
高中,revision
初中,revolution
初中,reward
高考,rewind
高中,rhyme
小学,rice
初中,rich
高中,rid
小学,riddle
小学,ride
高中,ridiculous
小学,right
高考,rigid
初中,ring
高中,ripe
高考,ripen
初中,rise
初中,risk
高中,ritual
小学,river
小学,road
高中,roar
高中,roast
初中,rob
高中,robbery
小学,robot
初中,rock
高中,rocket
高中,rod
初中,role
高中,roll
高中,romantic
初中,roof
小学,room
高考,rooster
高中,root
小学,rope
小学,rose
高中,rot
高中,rouge
小学,rough
小学,round
高考,roundabout
初中,route
初中,routine
初中,row
初中,royal
高中,rub
小学,rubber
高考,rubbish
高中,rude
高中,rugby
高中,ruin
初中,rule
小学,ruler
小学,run
初中,rural
初中,rush
高中,rust
高中,sack
高考,sacred
高中,sacrifice
小学,sad
高考,sadness
小学,safe
高中,safety
初中,sail
高考,sailor
初中,sake
小学,salad
初中,salary
初中,sale
高考,salesgirl
高考,salesman/woman
初中,salt
高考,salty
高考,salute
小学,same
初中,sample
初中,sand
小学,sandwich
高中,satellite
高中,satire
高考,satisfaction
高中,satisfactory
初中,satisfy
小学,Saturday/Sat.
初中,sauce
高考,saucer
小学,sausage
小学,save
高中,saw
小学,say
高考,saying
高中,scale
高考,scan
高考,scar
高中,scarcely
高考,scare
小学,scarf
高中,scatter
高考,scene
高中,scenery
高中,scent
高中,schedule
初中,scheme
高中,scholar
高考,scholarship
小学,school
高考,schoolbag
高考,schoolboy/girl
高考,schoolmate
小学,science
高考,scientific
高考,scientist
小学,scissors
高中,scold
初中,score
高考,scratch
高考,scream
初中,screen
高中,scrub
高考,sculpture
小学,sea
高中,seafood
高考,seagull
高中,seal
初中,search
高考,seashell
高考,seaside
小学,season
初中,seat
高考,seaweed
小学,second
高中,secondary
初中,secret
初中,secretary
初中,section
初中,secure
初中,security
小学,see
小学,seed
初中,seek
初中,seem
高中,seize
高中,seldom
初中,select
高中,self
高中,selfish
小学,sell
高考,semicircle
高考,seminar
初中,send
初中,senior
小学,sense
高中,sensible
高考,sensitive
小学,sentence
初中,separate
高考,separation
小学,September/Sept.
初中,series
初中,serious
初中,servant
初中,serve
高中,service
高考,session
初中,set
初中,settle
高考,settlement
高考,settler
小学,seven
高考,seventeen
高考,seventeenth
高考,seventh
高考,seventieth
高考,seventy
初中,several
初中,severe
高中,sew
初中,sex
高考,shabby
初中,shade
初中,shadow
小学,shake
初中,shall
高中,shallow
初中,shame
高中,shampoo
小学,shape
小学,share
高考,shark
小学,sharp
高考,sharpen
高考,sharpener
初中,shave
高考,shaver
小学,she
高中,shed
小学,sheep
初中,sheet
小学,shelf
小学,shell
高中,shelter
高中,shift
小学,shine
小学,ship
小学,shirt
初中,shock
小学,shoe
初中,shoot
小学,shop
高中,shopkeeper
高考,shopping
高中,shore
小学,short
高考,shortcoming
高考,shortly
高考,shorts
初中,shot
初中,should
小学,shoulder
小学,shout
小学,show
初中,shower
高考,shrink
小学,shut
高考,shuttle
高中,shy
小学,sick
高考,sickness
初中,side
高考,sidewalk/sideroad
高考,sideways
高考,sigh
初中,sight
高中,sightseeing
小学,sign
初中,signal
高中,signature
高考,significance
初中,significant
高考,silence
初中,silent
高中,silk
初中,silly
初中,silver
初中,similar
初中,simple
高考,simplify
初中,since
高中,sincere
高考,sincerely
小学,sing
初中,single
初中,sink
小学,sir
小学,sister
小学,sit
初中,site
初中,situation
小学,six
高考,sixteen
高考,sixteenth
高考,sixth
高考,sixtieth
高考,sixty
小学,size
高中,skate
高考,skateboard
高考,skeptical/sceptical
高中,ski
高考,skilful
初中,skill
高中,skim
初中,skin
高中,skip
高中,skirt
小学,sky
高考,skyscraper
高中,slave
高考,slavery
小学,sleep
高考,sleepy
高中,sleeve
初中,slice
小学,slide
初中,slight
高中,slim
高中,slip
高中,slogan
高中,slope
小学,slow
小学,small
小学,smart
高中,smash
小学,smell
小学,smile
高中,smog
小学,smoke
高考,smoker
小学,smooth
高中,snack
高中,snail
小学,snake
高中,snap
高中,snatch
高考,sneaker
高中,sneeze
高考,sniff
小学,snow
小学,snowy
小学,so
小学,soap
高中,sob
高中,soccer
初中,social
高考,socialism
高考,socialist
初中,society
小学,sock
高考,socket
高中,sofa
小学,soft
初中,software
初中,soil
高中,solar
小学,soldier
高中,solid
高中,solution
初中,solve
小学,some
初中,somebody/someone
初中,somehow
高考,someone
初中,something
小学,sometimes
高中,somewhat
初中,somewhere
小学,son
小学,song
初中,soon
高中,sophisticated
高中,sore
高中,sorrow
小学,sorry
初中,sort
初中,soul
初中,sound
小学,soup
高中,sour
初中,source
小学,south
高考,southeast
高考,southern
高考,southwest
高中,souvenir
高考,sow
初中,space
高考,spaceship
高中,spade
初中,spare
高中,spark
高中,sparrow
小学,speak
高考,speaker
高中,spear
初中,special
高中,specialist
初中,species
高中,specific
高中,spectacle
高中,spectator
初中,speech
初中,speed
小学,spell
高考,spelling
初中,spend
高中,spill
初中,spin
初中,spirit
高考,spiritual
高中,spit
初中,spite
高中,splash
高考,splendid
初中,split
高中,spoil
高考,spoken
高考,spokesman/woman
高中,sponsor
小学,spoon
高考,spoonful
小学,sport
初中,spot
高中,spray
初中,spread
小学,spring
高中,spy
小学,square
高中,squeeze
高考,squirrel
初中,stable
高中,stadium
初中,staff
初中,stage
高考,stain
高考,stainless
高中,stair
高中,stall
小学,stamp
小学,stand
初中,standard
小学,star
初中,stare
小学,start
高考,starvation
高中,starve
初中,state
高考,statement
高考,statesman/woman
小学,station
高中,stationery
高考,statistics
高考,statue
初中,status
初中,stay
初中,steady
高中,steak
初中,steal
初中,steam
初中,steel
高中,steep
高中,steer
初中,step
高中,stereo
高考,steward
高考,stewardess
初中,stick
初中,still
高中,stimulate
初中,stir
初中,stock
高中,stocking(s)
初中,stomach
初中,stone
小学,stop
高考,storage
初中,store
小学,storm
小学,story/storey
高考,stout
高考,stove
初中,straight
高考,straightforward
高中,strain
高考,strait
高中,strand
初中,strange
高考,stranger
高中,straw
小学,strawberry
初中,stream
小学,street
初中,strength
高考,strengthen
初中,stress
初中,stretch
初中,strict
初中,strike
初中,string
初中,strip
高中,strive
高中,stroke
小学,strong
初中,structure
初中,struggle
高考,stubborn
小学,student
初中,studio
小学,study
初中,stuff
初中,stupid
初中,style
小学,subject
高考,subjective
高中,submit
高中,subscribe
初中,substance
高中,substitute
高中,suburb
高中,subway
初中,succeed
高中,success
高考,successful
初中,such
高中,suck
高考,sudden
初中,suddenly
初中,suffer
高考,suffering
初中,sufficient
小学,sugar
初中,suggest
高考,suggestion
高中,suit
初中,suitable
高考,suitcase
高考,suite
初中,sum
高中,summarize
高中,summary
小学,summer
高中,summit
高中,summon
小学,sun
高考,sunburnt
小学,Sunday/Sun.
高考,sunlight
小学,sunny
高中,sunrise
高中,sunshine
初中,super
高考,superb
高中,superior
小学,supermarket
小学,supper
高中,supplementary
初中,supply
初中,support
初中,suppose
高考,supreme
小学,sure
初中,surface
高考,surgeon
高考,surplus
初中,surprise
初中,surround
高考,surrounding
小学,survey
高考,survival
初中,survive
初中,suspect
高中,suspend
高考,suspension
高中,suspicion
高中,swallow
高中,swan
高考,swap
高中,swear
初中,sweat
高考,sweater
小学,sweep
高考,sweet
高中,swell
高考,swift
小学,swim
小学,swing
初中,switch
高中,sword
初中,symbol
高中,sympathy
高考,symphony
高中,symptom
初中,system
高考,systematic
小学,table
高中,tablet
高考,table-tennis
高中,tag
小学,tail
高中,tailor
小学,take
高中,tale
初中,talent
小学,talk
小学,tall
高中,tame
高中,tank
初中,tap
小学,tape
初中,target
初中,task
小学,taste
高考,tasteless
高考,tasty
初中,tax
小学,taxi
高考,taxpayer
小学,tea
初中,teach
小学,teacher
初中,team
高考,teamwork
高考,teapot
初中,tear
高考,tease
高中,technical
初中,technique
初中,technology
高中,teenager
小学,telephone/phone/Tel.
高中,telescope
小学,television/TV
小学,tell
高中,temper
高中,temperate
初中,temperature
高中,temple
高中,temporary
高中,tempt
小学,ten
高中,tend
初中,tendency
高中,tender
小学,tennis
高中,tense
高考,tension
高中,tent
高考,tentative
高考,tenth
初中,term
高中,terminal
小学,terrible
高中,terrific
高考,terrify
高中,territory
高中,terror
初中,test
初中,text
高考,textbook
初中,than
小学,thank
高考,thankful
小学,that
小学,the
小学,theater/-tre
高考,theft
小学,their
小学,theirs
小学,them
高中,theme
初中,themselves
小学,then
高考,theoretical
初中,theory
小学,there
初中,therefore
高考,thermos
小学,these
小学,they
小学,thick
高中,thief
小学,thin
小学,thing
小学,think
高考,thinking
小学,third
高考,thirst
高中,thirsty
高考,thirteen
高考,thirteenth
高考,thirtieth
高考,thirty
小学,this
初中,thorough
小学,those
高考,though
高中,thought
小学,thousand
高考,thousandth
高中,thread
初中,threat
小学,three
高考,thrill
高考,thriller
高中,throat
初中,through
初中,throughout
小学,throw
高中,thunder
高考,thunderstorm
小学,Thursday/Thurs.
初中,thus
高中,tick
小学,ticket
高中,tide
高中,tidy
初中,tie
小学,tiger
初中,tight
初中,till/until
小学,time
高中,timetable
高中,timid
高中,tin
初中,tiny
初中,tip
高中,tiptoe
高中,tire/tyre
小学,tired
高中,tiresome
高中,tissue
初中,title
小学,to
高中,toast
高考,tobacco
小学,today
高中,toe
小学,together
小学,toilet
高中,tolerate
小学,tomato
高中,tomb
小学,tomorrow
高中,ton
高中,tone
小学,tongue
小学,tonight
小学,too
初中,tool
小学,tooth
高中,toothache
高考,toothbrush
高中,toothpaste
小学,top
高中,topic
高中,tortoise
高中,toss
初中,total
小学,touch
初中,tough
初中,tour
高考,tourism
高中,tourist
高中,tournament
初中,toward(s)
小学,towel
小学,tower
小学,town
小学,toy
高中,trace
初中,track
高考,tractor
初中,trade
初中,tradition
高考,traditional
小学,traffic
高中,tragedy
小学,train
高考,training
高中,tram
高中,transfer
高中,transform
初中,translate
高考,translation
高考,translator
高中,transmit
高考,transparent
高中,transplant
初中,transport
初中,trap
高考,travel(l)er
初中,travel
高中,tray
高中,treasure
初中,treat
高考,treatment
高中,treaty
小学,tree
高中,tremble
高中,tremendous
高中,trend
高中,trial
小学,triangle
高中,tribe
初中,trick
初中,trip
高中,triumph
高中,trolley
高考,trolleybus
高中,troop
初中,trouble
高中,troublesome
小学,trousers
小学,truck
小学,true/
高考,truly
高中,trunk
初中,trust
高中,truth
小学,try
高考,T-shirt
初中,tube
小学,Tuesday/Tues.
高中,tune
高中,tunnel
高考,turkey
小学,turn
高考,turning
高中,turtle
高中,tutor
高考,twelfth
小学,twelve
高考,twentieth
高考,twenty
高考,twenty-first
高考,twenty-one
高考,twenty-second
高考,twenty-third
高考,twenty-three
高考,twenty-two
小学,twice
高中,twin
高中,twinkle
初中,twist
小学,two
初中,type
高考,typewriter
高中,typhoon
初中,typical
高中,typist
高中,tyre
小学,ugly
高中,umbrella
高考,unable
高考,unbearable
高考,unbelievable
高考,uncertain
小学,uncle
高考,uncomfortable
高考,unconditional
高考,unconscious
小学,under
高中,undergo
小学,underground
高中,underline
高中,underpass
小学,understand
高考,undertake
高考,underwear
高中,undo
高中,unearth
高考,unemployment
高考,unfair
高考,unfit
高考,unfortunate
小学,uniform
初中,union
初中,unique
小学,unit
初中,unite
高中,universal
初中,universe
初中,university
初中,unless
高考,unlike
高考,unrest
高考,until
高中,unusual
高考,unwilling
小学,up
高考,update
初中,upon
高中,upper
初中,upset
初中,upstairs
高中,up-to-date
高中,upward(s)
高中,urban
初中,urge
初中,urgent
小学,us
高中,usage
小学,use
高中,used
高中,useful
高考,useless
高中,user
高考,usual
小学,usually
高中,vacant
高中,vacation
高中,vacuum
高考,vague
高考,vain
高考,valid
初中,valley
高考,valuable
初中,value
小学,van
高中,vapo(u)r
初中,variety
初中,various
高中,vary
高中,vase
高中,vast
小学,vegetable
高中,vegetarian
初中,vehicle
高中,venture
高中,venue
高中,verb
高中,version
高考,vertical
小学,very
高中,vest
高考,via
高中,vice
高中,victim
初中,victory
小学,video
高考,videophone
初中,view
高中,viewpoint
高中,vigo(u)r
初中,village
高考,villager
高考,vinegar
高考,violate
初中,violence
高考,violent
小学,violin
高考,violinist
高中,virtue
高中,virus
高考,visa
高中,visible
高中,vision
小学,visit
高考,visitor
高考,visual
初中,vital
高中,vitamin
高中,vivid
高中,vocabulary
高中,vocation
小学,voice
高考,volcano
小学,volleyball
初中,volume
初中,voluntary
高中,volunteer
初中,vote
高中,voyage
高中,wag
初中,wage
高中,wagon
高中,waist
小学,wait
高考,waiter
高考,waiting-room
高考,waitress
小学,wake
高中,waken
小学,walk
高中,Walkman
小学,wall
高中,wallet
高考,walnut
高中,wander
小学,want
初中,war
高中,ward
高中,ware
高考,warehouse
小学,warm
高考,warmth
初中,warn
小学,wash
高考,washroom
初中,waste
小学,watch
小学,water
高中,waterfall
高考,watermelon
高中,waterproof
小学,wave
高中,wax
小学,way
小学,we
小学,weak
高考,weakness
初中,wealth
高考,wealthy
初中,weapon
小学,wear
小学,weather
高中,weave
高中,web
高考,website
初中,wedding
小学,Wednesday/Wed.
高中,weed
小学,week
高考,weekday
初中,weekend
高考,weekly
高中,weep
初中,weigh
高中,weight
小学,welcome
初中,welfare
小学,well
高中,well-known
小学,west
高中,western
高考,westward(s)
小学,wet
高中,whale
小学,what
初中,whatever
高中,wheat
初中,wheel
小学,when
初中,whenever
小学,where
初中,wherever
初中,whether
小学,which
高考,whichever
初中,while
高中,whip
高中,whirlpool
高中,whiskey/whisky
初中,whisper
高中,whistle
小学,white
高中,whitewash
小学,who
高中,whoever
初中,whole
高中,wholesale
初中,whom
小学,whose
小学,why
初中,wide
高考,widespread
高中,widow
高中,width
初中,wife
小学,wild
高考,wildlife
小学,will
高中,willing
高中,willow
小学,win
小学,wind
小学,window
小学,windy
初中,wine
初中,wing
高考,winner
小学,winter
初中,wipe
初中,wire
高中,wisdom
初中,wise
小学,wish
高中,wit
小学,with
高中,withdraw
初中,within
初中,without
初中,witness
高中,wolf
小学,woman
初中,wonder
高考,wonderful
初中,wood
初中,wool
高考,wool(l)en
小学,word
小学,work
小学,worker
小学,world
高中,worldwide
高中,worm
高考,worn
高考,worried
初中,worry
初中,worth
高中,worthless
高考,worthwhile
高中,worthy
小学,would
初中,wound
初中,wrap
高中,wreck
高考,wrestle
高考,wrinkle
高中,wrist
小学,write
小学,wrong
高中,X-ray
初中,yard
高中,yawn
小学,year
高考,yell
小学,yellow
小学,yes/yeah
初中,yesterday
初中,yet
高考,yoghurt
高中,yogurt
小学,you
小学,young
高中,youngster
小学,your
小学,yours
初中,yourself
初中,youth
高考,yummy
小学,zebra
小学,zero
高中,zigzag
高中,zip
高考,zipper
高中,zone
小学,zoo
高中,zookeeper
高中,zoology
高中,zoom