VOA,a
VOA,able
VOA,about
VOA,above
VOA,accept
VOA,accident
VOA,accuse
VOA,across
VOA,act
VOA,activist
VOA,actor
VOA,add
VOA,administration
VOA,admit
VOA,adult
VOA,advise
VOA,affect
VOA,afraid
VOA,after
VOA,again
VOA,against
VOA,age
VOA,agency
VOA,aggression
VOA,ago
VOA,agree
VOA,agriculture
VOA,aid
VOA,aim
VOA,air
VOA,air
VOA,airplane
VOA,airport
VOA,album
VOA,alcohol
VOA,alive
VOA,all
VOA,ally
VOA,almost
VOA,alone
VOA,along
VOA,already
VOA,also
VOA,although
VOA,always
VOA,ambassador
VOA,amend
VOA,ammunition
VOA,among
VOA,amount
VOA,anarchy
VOA,ancestor
VOA,ancient
VOA,and
VOA,anger
VOA,animal
VOA,anniversary
VOA,announce
VOA,another
VOA,answer
VOA,any
VOA,apologize
VOA,appeal
VOA,appear
VOA,appoint
VOA,approve
VOA,archeology
VOA,area
VOA,argue
VOA,arms
VOA,army
VOA,around
VOA,arrest
VOA,arrive
VOA,art
VOA,artillery
VOA,as
VOA,ash
VOA,ask
VOA,assist
VOA,astronaut
VOA,astronomy
VOA,asylum
VOA,at
VOA,atmosphere
VOA,attach
VOA,attack
VOA,attempt
VOA,attend
VOA,automobile
VOA,autumn
VOA,average
VOA,avoid
VOA,awake
VOA,award
VOA,away
VOA,baby
VOA,back
VOA,bad
VOA,balance
VOA,ball
VOA,balloon
VOA,ballot
VOA,ban
VOA,bank
VOA,bar
VOA,barrier
VOA,base
VOA,battle
VOA,be
VOA,beat
VOA,beauty
VOA,because
VOA,become
VOA,bed
VOA,before
VOA,begin
VOA,behind
VOA,believe
VOA,bell
VOA,belong
VOA,below
VOA,best
VOA,betray
VOA,better
VOA,between
VOA,big
VOA,bill
VOA,biology
VOA,bird
VOA,bite
VOA,black
VOA,blame
VOA,blanket
VOA,bleed
VOA,blind
VOA,block
VOA,blood
VOA,blow
VOA,blue
VOA,boat
VOA,body
VOA,boil
VOA,bomb
VOA,bone
VOA,book
VOA,border
VOA,born
VOA,borrow
VOA,both
VOA,bottle
VOA,bottom
VOA,box
VOA,boy
VOA,boycott
VOA,brain
VOA,brave
VOA,bread
VOA,break
VOA,breathe
VOA,bridge
VOA,brief
VOA,bright
VOA,bring
VOA,broadcast
VOA,brother
VOA,brown
VOA,budget
VOA,build
VOA,building
VOA,bullet
VOA,burn
VOA,burst
VOA,bury
VOA,bus
VOA,business
VOA,busy
VOA,but
VOA,buy
VOA,by
VOA,cabinet
VOA,call
VOA,calm
VOA,camera
VOA,camp
VOA,campaign
VOA,can
VOA,cancel
VOA,cancer
VOA,candidate
VOA,capital
VOA,capitalism
VOA,capture
VOA,car
VOA,care
VOA,careful
VOA,carry
VOA,case
VOA,case
VOA,cat
VOA,catch
VOA,cause
VOA,cease
VOA,celebrate
VOA,center
VOA,century
VOA,ceremony
VOA,chairman
VOA,champion
VOA,chance
VOA,change
VOA,charge
VOA,chase
VOA,cheat
VOA,cheer
VOA,chemical
VOA,chemistry
VOA,chief
VOA,child
VOA,children
VOA,choose
VOA,circle
VOA,citizen
VOA,city
VOA,civilian
VOA,civil
VOA,claim
VOA,clash
VOA,clean
VOA,clear
VOA,clergy
VOA,climate
VOA,climb
VOA,clock
VOA,close
VOA,cloth
VOA,clothes
VOA,cloud
VOA,coal
VOA,coalition
VOA,coast
VOA,coffee
VOA,cold
VOA,collect
VOA,college
VOA,colony
VOA,color
VOA,combine
VOA,come
VOA,command
VOA,comment
VOA,committee
VOA,common
VOA,communicate
VOA,community
VOA,company
VOA,compare
VOA,compete
VOA,complete
VOA,complex
VOA,compromise
VOA,computer
VOA,concern
VOA,condemn
VOA,condition
VOA,conference
VOA,confirm
VOA,conflict
VOA,congratulate
VOA,Congress
VOA,connect
VOA,conservative
VOA,consider
VOA,constitution
VOA,contain
VOA,container
VOA,continent
VOA,continue
VOA,control
VOA,convention
VOA,cook
VOA,cool
VOA,cooperate
VOA,copy
VOA,corn
VOA,correct
VOA,cost
VOA,cotton
VOA,count
VOA,country
VOA,court
VOA,cover
VOA,cow
VOA,crash
VOA,create
VOA,creature
VOA,credit
VOA,crew
VOA,crime
VOA,criminal
VOA,crisis
VOA,criticize
VOA,crop
VOA,cross
VOA,crowd
VOA,crush
VOA,cry
VOA,culture
VOA,cure
VOA,curfew
VOA,current
VOA,custom
VOA,customs
VOA,cut
VOA,dam
VOA,damage
VOA,dance
VOA,danger
VOA,dark
VOA,date
VOA,daughter
VOA,day
VOA,dead
VOA,deaf
VOA,deal
VOA,debate
VOA,debt
VOA,decide
VOA,declare
VOA,decrease
VOA,deep
VOA,defeat
VOA,defend
VOA,deficit
VOA,define
VOA,degree
VOA,delay
VOA,delegate
VOA,demand
VOA,democracy
VOA,demonstrate
VOA,denounce
VOA,deny
VOA,depend
VOA,deplore
VOA,deploy
VOA,depression
VOA,describe
VOA,desert
VOA,design
VOA,desire
VOA,destroy
VOA,detail
VOA,develop
VOA,device
VOA,dictator
VOA,die
VOA,diet
VOA,different
VOA,difficult
VOA,dig
VOA,dinner
VOA,diplomat
VOA,direct
VOA,direction
VOA,dirt
VOA,disappear
VOA,disarm
VOA,discover
VOA,discuss
VOA,disease
VOA,dismiss
VOA,dispute
VOA,dissident
VOA,distance
VOA,dive
VOA,divide
VOA,do
VOA,doctor
VOA,document
VOA,dog
VOA,dollar
VOA,door
VOA,down
VOA,dream
VOA,drink
VOA,drive
VOA,drop
VOA,drown
VOA,drug
VOA,dry
VOA,during
VOA,dust
VOA,duty
VOA,each
VOA,early
VOA,earn
VOA,earth
VOA,earthquake
VOA,ease
VOA,east
VOA,easy
VOA,eat
VOA,ecology
VOA,economy
VOA,edge
VOA,education
VOA,effect
VOA,effort
VOA,egg
VOA,either
VOA,elect
VOA,electricity
VOA,embassy
VOA,emergency
VOA,emotion
VOA,employ
VOA,empty
VOA,end
VOA,enemy
VOA,energy
VOA,enforce
VOA,engine
VOA,engineer
VOA,enjoy
VOA,enough
VOA,enter
VOA,environment
VOA,equal
VOA,equipment
VOA,escape
VOA,especially
VOA,establish
VOA,estimate
VOA,ethnic
VOA,evaporate
VOA,even
VOA,event
VOA,ever
VOA,every
VOA,evidence
VOA,evil
VOA,exact
VOA,examine
VOA,example
VOA,excellent
VOA,except
VOA,exchange
VOA,excuse
VOA,execute
VOA,exercise
VOA,exile
VOA,exist
VOA,expand
VOA,expect
VOA,expel
VOA,experience
VOA,experiment
VOA,expert
VOA,explain
VOA,explode
VOA,explore
VOA,export
VOA,express
VOA,extend
VOA,extra
VOA,extreme
VOA,extremist
VOA,face
VOA,fact
VOA,factory
VOA,fail
VOA,fair
VOA,fall
VOA,false/
VOA,family
VOA,famous
VOA,far
VOA,farm
VOA,fast
VOA,fat
VOA,father
VOA,fear
VOA,federal
VOA,feed
VOA,feel
VOA,female
VOA,fence
VOA,fertile
VOA,few
VOA,field
VOA,fierce
VOA,fight
VOA,fill
VOA,film
VOA,final
VOA,financial
VOA,find
VOA,fine
VOA,finish
VOA,fire
VOA,firework
VOA,firm
VOA,first
VOA,fish
VOA,fit
VOA,fix
VOA,flag
VOA,flat
VOA,flee
VOA,float
VOA,flood
VOA,floor
VOA,flow
VOA,flower
VOA,fluid
VOA,fly
VOA,fog
VOA,follow
VOA,food
VOA,fool
VOA,foot
VOA,for
VOA,force
VOA,foreign
VOA,forest
VOA,forget
VOA,forgive
VOA,form
VOA,former
VOA,forward
VOA,free
VOA,freedom
VOA,freeze
VOA,fresh
VOA,friend
VOA,frighten
VOA,from
VOA,front
VOA,fruit
VOA,fuel
VOA,full
VOA,fun
VOA,funeral
VOA,future
VOA,gain
VOA,game
VOA,gas
VOA,gather
VOA,general
VOA,gentle
VOA,get
VOA,gift
VOA,girl
VOA,give
VOA,glass
VOA,go
VOA,goal
VOA,god
VOA,gold
VOA,good
VOA,goods
VOA,govern
VOA,government
VOA,grain
VOA,granddaughter
VOA,grandfather
VOA,grandmother
VOA,grandson
VOA,grass
VOA,gray
VOA,great
VOA,green
VOA,grind
VOA,ground
VOA,group
VOA,grow
VOA,guarantee
VOA,guard
VOA,guerrilla
VOA,guide
VOA,guilty
VOA,gun
VOA,hair
VOA,half
VOA,halt
VOA,hang
VOA,happen
VOA,happy
VOA,hard
VOA,harm
VOA,harvest
VOA,hat
VOA,hate
VOA,have
VOA,he
VOA,head
VOA,headquarter
VOA,heal
VOA,health
VOA,hear
VOA,heat
VOA,heavy
VOA,helicopter
VOA,help
VOA,here
VOA,hero
VOA,hide
VOA,high
VOA,hijack
VOA,hill
VOA,history
VOA,hit
VOA,hold
VOA,hole
VOA,holiday
VOA,holy
VOA,home
VOA,honest
VOA,honor
VOA,hope
VOA,horrible
VOA,horse
VOA,hospital
VOA,hostage
VOA,hostile
VOA,hot
VOA,hotel
VOA,hour
VOA,house
VOA,how
VOA,however
VOA,huge
VOA,human
VOA,humor
VOA,hunger
VOA,hunt
VOA,hurry
VOA,hurt
VOA,husband
VOA,I
VOA,ice
VOA,idea
VOA,identify
VOA,if
VOA,illegal
VOA,imagine
VOA,immediate
VOA,import
VOA,important
VOA,improve
VOA,in
VOA,incident
VOA,incite
VOA,include
VOA,increase
VOA,independent
VOA,individual
VOA,industry
VOA,infect
VOA,inflation
VOA,influence
VOA,inform
VOA,information
VOA,inject
VOA,injure
VOA,innocent
VOA,insane
VOA,insect
VOA,inspect
VOA,instead
VOA,instrument
VOA,insult
VOA,intelligence
VOA,intelligent
VOA,intense
VOA,interest
VOA,interfere
VOA,international
VOA,intervene
VOA,invade
VOA,invent
VOA,invest
VOA,investigate
VOA,invite
VOA,involve
VOA,iron
VOA,island
VOA,issue
VOA,it
VOA,jail
VOA,jewel
VOA,job
VOA,join
VOA,joint
VOA,joke
VOA,judge
VOA,jump
VOA,jury
VOA,just
VOA,keep
VOA,kick
VOA,kidnap
VOA,kill
VOA,kind
VOA,kiss
VOA,knife
VOA,know
VOA,knowledge
VOA,labor
VOA,laboratory
VOA,lack
VOA,lake
VOA,land
VOA,language
VOA,large
VOA,last
VOA,late
VOA,laugh
VOA,launch
VOA,law
VOA,lead
VOA,leak
VOA,learn
VOA,leave
VOA,left
VOA,legal
VOA,legislature
VOA,lend
VOA,less
VOA,let
VOA,letter
VOA,level
VOA,liberal
VOA,lie
VOA,life
VOA,lift
VOA,light
VOA,lightning
VOA,like
VOA,limit
VOA,line
VOA,link
VOA,liquid
VOA,list
VOA,listen
VOA,literature
VOA,little
VOA,live
VOA,load
VOA,loan
VOA,local
VOA,lonely
VOA,long
VOA,look
VOA,lose
VOA,loud
VOA,love
VOA,low
VOA,loyal
VOA,luck
VOA,machine
VOA,magazine
VOA,mail
VOA,main
VOA,major
VOA,majority
VOA,make
VOA,male
VOA,man
VOA,manufacture
VOA,many
VOA,map
VOA,march
VOA,mark
VOA,market
VOA,marry
VOA,mass
VOA,mate
VOA,material
VOA,mathematics
VOA,matter
VOA,may
VOA,mayor
VOA,meal
VOA,mean
VOA,measure
VOA,meat
VOA,media
VOA,medicine
VOA,meet
VOA,melt
VOA,member
VOA,memorial
VOA,memory
VOA,mental
VOA,mercy
VOA,message
VOA,metal
VOA,method
VOA,microscope
VOA,middle
VOA,militant
VOA,military
VOA,milk
VOA,mind
VOA,mine
VOA,mineral
VOA,minister
VOA,minor
VOA,minority
VOA,minute
VOA,miss
VOA,missile
VOA,missing
VOA,mistake
VOA,mix
VOA,mob
VOA,model
VOA,moderate
VOA,modern
VOA,money
VOA,month
VOA,moon
VOA,moral
VOA,more
VOA,morning
VOA,most
VOA,mother
VOA,motion
VOA,mountain
VOA,mourn
VOA,move
VOA,movement
VOA,movie
VOA,much
VOA,murder
VOA,music
VOA,must
VOA,mystery
VOA,name
VOA,narrow
VOA,nation
VOA,native
VOA,natural
VOA,nature
VOA,navy
VOA,near
VOA,necessary
VOA,need
VOA,negotiate
VOA,neither
VOA,neutral
VOA,never
VOA,new
VOA,news
VOA,next
VOA,nice
VOA,night
VOA,no
VOA,noise
VOA,nominate
VOA,noon
VOA,normal
VOA,north
VOA,not
VOA,note
VOA,nothing
VOA,now
VOA,nowhere
VOA,nuclear
VOA,number
VOA,obey
VOA,object
VOA,observe
VOA,occupy
VOA,ocean
VOA,of
VOA,off
VOA,offensive
VOA,offer
VOA,office
VOA,officer
VOA,official
VOA,often
VOA,oil
VOA,old
VOA,on
VOA,once
VOA,only
VOA,open
VOA,operate
VOA,opinion
VOA,oppose
VOA,opposite
VOA,oppress
VOA,or
VOA,orbit
VOA,order
VOA,organize
VOA,other
VOA,our
VOA,oust
VOA,out
VOA,over
VOA,overthrow
VOA,owe
VOA,own
VOA,pain
VOA,paint
VOA,pan
VOA,paper
VOA,parachute
VOA,parade
VOA,pardon
VOA,parent
VOA,parliament
VOA,part
VOA,party
VOA,pass
VOA,passenger
VOA,passport
VOA,past
VOA,path
VOA,patient
VOA,pay
VOA,peace
VOA,people
VOA,percent
VOA,perfect
VOA,perform
VOA,period
VOA,permanent
VOA,permit
VOA,person
VOA,physical
VOA,physics
VOA,picture
VOA,piece
VOA,pig
VOA,pilot
VOA,pipe
VOA,place
VOA,plan
VOA,planet
VOA,plant
VOA,plastic
VOA,play
VOA,please
VOA,plenty
VOA,plot
VOA,poem
VOA,point
VOA,poison
VOA,police
VOA,policy
VOA,politics
VOA,pollute
VOA,poor
VOA,popular
VOA,population
VOA,port
VOA,position
VOA,possess
VOA,possible
VOA,postpone
VOA,pour
VOA,power
VOA,praise
VOA,pray
VOA,pregnant
VOA,present
VOA,president
VOA,press
VOA,pressure
VOA,prevent
VOA,price
VOA,prison
VOA,private
VOA,prize
VOA,probably
VOA,problem
VOA,process
VOA,produce
VOA,profession
VOA,professor
VOA,profit
VOA,program
VOA,progress
VOA,project
VOA,propaganda
VOA,property
VOA,propose
VOA,protect
VOA,protest
VOA,prove
VOA,provide
VOA,public
VOA,publication
VOA,publish
VOA,pull
VOA,pump
VOA,punish
VOA,purchase
VOA,pure
VOA,purpose
VOA,push
VOA,put
VOA,quality
VOA,question
VOA,quick
VOA,quiet
VOA,race
VOA,radar
VOA,radiation
VOA,radio
VOA,raid
VOA,railroad
VOA,rain
VOA,raise
VOA,rare
VOA,rate
VOA,reach
VOA,react
VOA,read
VOA,ready
VOA,real
VOA,realistic
VOA,reason
VOA,reasonable
VOA,rebel
VOA,receive
VOA,recent
VOA,recession
VOA,recognize
VOA,record
VOA,recover
VOA,red
VOA,reduce
VOA,reform
VOA,refugee
VOA,refuse
VOA,regret
VOA,reject
VOA,relation
VOA,release
VOA,religion
VOA,remain
VOA,remains
VOA,remember
VOA,remove
VOA,repair
VOA,repeat
VOA,report
VOA,represent
VOA,repress
VOA,request
VOA,require
VOA,rescue
VOA,research
VOA,resign
VOA,resist
VOA,resolution
VOA,resource
VOA,responsible
VOA,rest
VOA,restrain
VOA,restrict
VOA,result
VOA,retire
VOA,return
VOA,revolt
VOA,rice
VOA,rich
VOA,ride
VOA,right
VOA,riot
VOA,rise
VOA,risk
VOA,river
VOA,road
VOA,rob
VOA,rock
VOA,rocket
VOA,roll
VOA,room
VOA,root
VOA,rope
VOA,rough
VOA,round
VOA,rub
VOA,rubber
VOA,ruin
VOA,rule
VOA,run
VOA,sabotage
VOA,sacrifice
VOA,sad
VOA,safe
VOA,sail
VOA,sailor
VOA,salt
VOA,same
VOA,sand
VOA,satellite
VOA,satisfy
VOA,save
VOA,say
VOA,school
VOA,science
VOA,sea
VOA,search
VOA,season
VOA,seat
VOA,second
VOA,secret
VOA,security
VOA,see
VOA,seed
VOA,seek
VOA,seem
VOA,seize
VOA,self
VOA,sell
VOA,Senate
VOA,send
VOA,sense
VOA,sentence
VOA,separate
VOA,series
VOA,serious
VOA,serve
VOA,service
VOA,set
VOA,settle
VOA,several
VOA,severe
VOA,sex
VOA,shake
VOA,shape
VOA,share
VOA,sharp
VOA,she
VOA,sheep
VOA,shell
VOA,shelter
VOA,shine
VOA,ship
VOA,shock
VOA,shoe
VOA,shoot
VOA,short
VOA,should
VOA,shout
VOA,show
VOA,shrink
VOA,sick
VOA,sickness
VOA,side
VOA,sign
VOA,signal
VOA,silence
VOA,silver
VOA,similar
VOA,simple
VOA,since
VOA,sing
VOA,single
VOA,sink
VOA,sister
VOA,sit
VOA,situation
VOA,size
VOA,skeleton
VOA,skill
VOA,skin
VOA,sky
VOA,slave
VOA,sleep
VOA,slide
VOA,slow
VOA,small
VOA,smash
VOA,smell
VOA,smoke
VOA,smooth
VOA,snow
VOA,so
VOA,social
VOA,soft
VOA,soil
VOA,soldier
VOA,solid
VOA,solve
VOA,some
VOA,son
VOA,soon
VOA,sort
VOA,sound
VOA,south
VOA,space
VOA,speak
VOA,special
VOA,speech
VOA,speed
VOA,spend
VOA,spill
VOA,spirit
VOA,split
VOA,sport
VOA,spread
VOA,spring
VOA,spy
VOA,square
VOA,stab
VOA,stand
VOA,star
VOA,start
VOA,starve
VOA,state
VOA,station
VOA,statue
VOA,stay
VOA,steal
VOA,steam
VOA,steel
VOA,step
VOA,stick
VOA,still
VOA,stone
VOA,stop
VOA,store
VOA,storm
VOA,story
VOA,stove
VOA,straight
VOA,strange
VOA,street
VOA,stretch
VOA,strike
VOA,strong
VOA,structure
VOA,struggle
VOA,study
VOA,stupid
VOA,subject
VOA,submarine
VOA,substance
VOA,substitute
VOA,subversion
VOA,succeed
VOA,such
VOA,sudden
VOA,suffer
VOA,sugar
VOA,suggest
VOA,summer
VOA,sun
VOA,supervise
VOA,supply
VOA,support
VOA,suppose
VOA,suppress
VOA,sure
VOA,surface
VOA,surplus
VOA,surprise
VOA,surrender
VOA,surround
VOA,survive
VOA,suspect
VOA,suspend
VOA,swallow
VOA,swear
VOA,sweet
VOA,swim
VOA,sympathy
VOA,system
VOA,take
VOA,talk
VOA,tall
VOA,tank
VOA,target
VOA,taste
VOA,tax
VOA,tea
VOA,teach
VOA,team
VOA,tear
VOA,tears
VOA,technical
VOA,technology
VOA,telephone
VOA,telescope
VOA,television
VOA,tell
VOA,temperature
VOA,temporary
VOA,tense
VOA,term
VOA,terrible
VOA,territory
VOA,terror
VOA,terrorist
VOA,test
VOA,than
VOA,thank
VOA,that
VOA,the
VOA,theater
VOA,them
VOA,then
VOA,theory
VOA,there
VOA,these
VOA,they
VOA,thick
VOA,thin
VOA,thing
VOA,think
VOA,third
VOA,this
VOA,threaten
VOA,through
VOA,throw
VOA,tie
VOA,time
VOA,tired
VOA,to
VOA,today
VOA,together
VOA,tomorrow
VOA,tonight
VOA,too
VOA,tool
VOA,top
VOA,torture
VOA,total
VOA,touch
VOA,toward
VOA,town
VOA,trade
VOA,tradition
VOA,traffic
VOA,tragic
VOA,train
VOA,transport
VOA,transportation
VOA,trap
VOA,travel
VOA,treason
VOA,treasure
VOA,treat
VOA,treatment
VOA,treaty
VOA,tree
VOA,trial
VOA,tribe
VOA,trick
VOA,trip
VOA,troop
VOA,trouble
VOA,truce
VOA,truck
VOA,true/
VOA,trust
VOA,try
VOA,tube
VOA,turn
VOA,under
VOA,understand
VOA,unite
VOA,universe
VOA,university
VOA,unless
VOA,until
VOA,up
VOA,urge
VOA,urgent
VOA,us
VOA,use
VOA,usual
VOA,valley
VOA,value
VOA,vegetable
VOA,vehicle
VOA,version
VOA,very
VOA,veto
VOA,vicious
VOA,victim
VOA,victory
VOA,village
VOA,violate
VOA,violence
VOA,visit
VOA,voice
VOA,volcano
VOA,vote
VOA,wage
VOA,wait
VOA,walk
VOA,wall
VOA,want
VOA,war
VOA,warm
VOA,warn
VOA,wash
VOA,waste
VOA,watch
VOA,water
VOA,wave
VOA,way
VOA,we
VOA,weak
VOA,wealth
VOA,weapon
VOA,wear
VOA,weather
VOA,week
VOA,weigh
VOA,welcome
VOA,well
VOA,west
VOA,wet
VOA,what
VOA,wheat
VOA,wheel
VOA,when
VOA,where
VOA,which
VOA,while
VOA,white
VOA,who
VOA,whole
VOA,why
VOA,wide
VOA,wife
VOA,wild
VOA,will
VOA,willing
VOA,win
VOA,wind
VOA,window
VOA,winter
VOA,wire
VOA,wise
VOA,wish
VOA,with
VOA,withdraw
VOA,without
VOA,woman
VOA,wonder
VOA,wonderful
VOA,wood
VOA,word
VOA,work
VOA,world
VOA,worry
VOA,worse
VOA,worth
VOA,wound
VOA,wreck
VOA,wreckage
VOA,write
VOA,wrong
VOA,year
VOA,yellow
VOA,yes
VOA,yesterday
VOA,yet
VOA,you
VOA,young
VOA,zero
VOA,zoo
VOA,dishonest
VOA,disobey
VOA,reorganize
VOA,reunite
VOA,unusual
VOA,unhappy
VOA,atom
VOA,bacteria
VOA,cell
VOA,chromosome
VOA,compound
VOA,dense
VOA,electron
VOA,element
VOA,enzyme
VOA,fetus
VOA,fission
VOA,fusion
VOA,gene
VOA,genetic
VOA,gravity
VOA,image
VOA,laser
VOA,magnet
VOA,molecule
VOA,nerve
VOA,nucleus
VOA,nucleic
VOA,nutrient
VOA,organ
VOA,organism
VOA,particle
VOA,protein
VOA,robot
VOA,tissue
VOA,virus
VOA,x-ray
VOA,heart
VOA,intestines
VOA,kidney
VOA,liver
VOA,lung
VOA,prostate
VOA,stomach
VOA,uterus
